source,source_type,route,origin,destination,travel_date,booking_window,base_fare,taxes,convenience_fee,total_fare,fare_class,availability,scrape_timestamp,flight_number,airline_code,raw_payload
IndiGo,airline,DEL-BOM,DEL,BOM,2026-09-09,T+1,6463.88,1349.62,0.0,7813.5,Economy,Available,2026-09-08T08:51:47.246784,6E-512,6E,"{'scraped_at': '2026-09-08T08:51:47.246701', 'source': 'IndiGo'}"
Air India,airline,DEL-BOM,DEL,BOM,2026-09-09,T+1,7183.52,1553.46,0.0,8736.98,Economy,Available,2026-09-08T08:51:46.922404,AI-805,AI,"{'scraped_at': '2026-09-08T08:51:46.922341', 'source': 'Air India'}"
Akasa Air,airline,DEL-BOM,DEL,BOM,2026-09-09,T+1,6331.44,1456.12,0.0,7787.56,Economy,Available,2026-09-08T08:51:42.082104,QP-1301,QP,"{'scraped_at': '2026-09-08T08:51:42.081952', 'source': 'Akasa Air'}"
SpiceJet,airline,DEL-BOM,DEL,BOM,2026-09-09,T+1,6328.63,1206.76,0.0,7535.39,Economy,Available,2026-09-08T08:51:42.194117,SG-8169,SG,"{'scraped_at': '2026-09-08T08:51:42.194060', 'source': 'SpiceJet'}"
Air India Express,airline,DEL-BOM,DEL,BOM,2026-09-09,T+1,6458.25,1208.04,0.0,7666.29,Economy,Available,2026-09-08T08:51:44.791902,IX-1422,IX,"{'scraped_at': '2026-09-08T08:51:44.791843', 'source': 'Air India Express'}"
MakeMyTrip,ota,DEL-BOM,DEL,BOM,2026-09-09,T+1,6712.59,1593.76,350.0,8656.35,Economy,Available,2026-09-08T08:51:47.288950,6E-204,6E,"{'scraped_at': '2026-09-08T08:51:47.288891', 'source': 'MakeMyTrip'}"
Yatra,ota,DEL-BOM,DEL,BOM,2026-09-09,T+1,6875.67,1326.52,350.0,8552.19,Economy,Available,2026-09-08T08:51:47.281209,AI-506,AI,"{'scraped_at': '2026-09-08T08:51:47.281156', 'source': 'Yatra'}"
EaseMyTrip,ota,DEL-BOM,DEL,BOM,2026-09-09,T+1,6787.32,1606.92,0.0,8394.24,Economy,Available,2026-09-08T08:51:41.921417,QP-1102,QP,"{'scraped_at': '2026-09-08T08:51:41.921283', 'source': 'EaseMyTrip'}"
Cleartrip,ota,DEL-BOM,DEL,BOM,2026-09-09,T+1,6999.24,1546.56,350.0,8895.8,Economy,Available,2026-09-08T08:51:42.371481,SG-8101,SG,"{'scraped_at': '2026-09-08T08:51:42.371422', 'source': 'Cleartrip'}"
Ixigo,ota,DEL-BOM,DEL,BOM,2026-09-09,T+1,6786.84,1476.18,350.0,8613.02,Economy,Available,2026-09-08T08:51:41.499969,IX-2841,IX,"{'scraped_at': '2026-09-08T08:51:41.499858', 'source': 'Ixigo'}"
Goibibo,ota,DEL-BOM,DEL,BOM,2026-09-09,T+1,6733.45,1597.87,350.0,8681.32,Economy,Available,2026-09-08T08:51:46.900021,6E-6104,6E,"{'scraped_at': '2026-09-08T08:51:46.899957', 'source': 'Goibibo'}"
IndiGo,airline,DEL-BOM,DEL,BOM,2026-09-15,T+7,5367.17,1041.79,0.0,6408.96,Economy,Available,2026-09-08T08:51:47.295903,6E-512,6E,"{'scraped_at': '2026-09-08T08:51:47.295835', 'source': 'IndiGo'}"
Air India,airline,DEL-BOM,DEL,BOM,2026-09-15,T+7,5880.54,1225.34,0.0,7105.88,Economy,Available,2026-09-08T08:51:46.936867,AI-805,AI,"{'scraped_at': '2026-09-08T08:51:46.936802', 'source': 'Air India'}"
Akasa Air,airline,DEL-BOM,DEL,BOM,2026-09-15,T+7,5126.98,1100.13,0.0,6227.11,Economy,Available,2026-09-08T08:51:42.082831,QP-1301,QP,"{'scraped_at': '2026-09-08T08:51:42.082760', 'source': 'Akasa Air'}"
SpiceJet,airline,DEL-BOM,DEL,BOM,2026-09-15,T+7,5209.48,1147.06,0.0,6356.54,Economy,Available,2026-09-08T08:51:42.195071,SG-8169,SG,"{'scraped_at': '2026-09-08T08:51:42.195001', 'source': 'SpiceJet'}"
Air India Express,airline,DEL-BOM,DEL,BOM,2026-09-15,T+7,5181.33,1115.85,0.0,6297.18,Economy,Available,2026-09-08T08:51:44.646816,IX-1422,IX,"{'scraped_at': '2026-09-08T08:51:44.646746', 'source': 'Air India Express'}"
MakeMyTrip,ota,DEL-BOM,DEL,BOM,2026-09-15,T+7,5599.02,1044.93,350.0,6993.95,Economy,Available,2026-09-08T08:51:47.303739,6E-204,6E,"{'scraped_at': '2026-09-08T08:51:47.303671', 'source': 'MakeMyTrip'}"
Yatra,ota,DEL-BOM,DEL,BOM,2026-09-15,T+7,5324.14,1035.77,350.0,6709.91,Economy,Available,2026-09-08T08:51:47.263644,AI-506,AI,"{'scraped_at': '2026-09-08T08:51:47.263577', 'source': 'Yatra'}"
EaseMyTrip,ota,DEL-BOM,DEL,BOM,2026-09-15,T+7,5132.81,1070.8,0.0,6203.61,Economy,Available,2026-09-08T08:51:41.541345,QP-1102,QP,"{'scraped_at': '2026-09-08T08:51:41.541251', 'source': 'EaseMyTrip'}"
Cleartrip,ota,DEL-BOM,DEL,BOM,2026-09-15,T+7,5539.68,1279.75,350.0,7169.43,Economy,Available,2026-09-08T08:51:42.371057,SG-8101,SG,"{'scraped_at': '2026-09-08T08:51:42.370976', 'source': 'Cleartrip'}"
Ixigo,ota,DEL-BOM,DEL,BOM,2026-09-15,T+7,5270.45,1063.21,350.0,6683.66,Economy,Available,2026-09-08T08:51:41.499523,IX-2841,IX,"{'scraped_at': '2026-09-08T08:51:41.499459', 'source': 'Ixigo'}"
Goibibo,ota,DEL-BOM,DEL,BOM,2026-09-15,T+7,5461.88,1043.19,350.0,6855.07,Economy,Available,2026-09-08T08:51:46.882371,6E-6104,6E,"{'scraped_at': '2026-09-08T08:51:46.882307', 'source': 'Goibibo'}"
IndiGo,airline,DEL-BOM,DEL,BOM,2026-09-23,T+15,4654.24,934.82,0.0,5589.06,Economy,Available,2026-09-08T08:51:46.872483,6E-512,6E,"{'scraped_at': '2026-09-08T08:51:46.872408', 'source': 'IndiGo'}"
Air India,airline,DEL-BOM,DEL,BOM,2026-09-23,T+15,5211.86,1166.32,0.0,6378.18,Economy,Available,2026-09-08T08:51:47.824217,AI-805,AI,"{'scraped_at': '2026-09-08T08:51:47.824155', 'source': 'Air India'}"
Akasa Air,airline,DEL-BOM,DEL,BOM,2026-09-23,T+15,4533.51,1065.67,0.0,5599.18,Economy,Available,2026-09-08T08:51:41.471449,QP-1301,QP,"{'scraped_at': '2026-09-08T08:51:41.455048', 'source': 'Akasa Air'}"
SpiceJet,airline,DEL-BOM,DEL,BOM,2026-09-23,T+15,4336.94,859.84,0.0,5196.78,Economy,Available,2026-09-08T08:51:42.196233,SG-8169,SG,"{'scraped_at': '2026-09-08T08:51:42.196187', 'source': 'SpiceJet'}"
Air India Express,airline,DEL-BOM,DEL,BOM,2026-09-23,T+15,4270.39,856.46,0.0,5126.85,Economy,Available,2026-09-08T08:51:44.727722,IX-1422,IX,"{'scraped_at': '2026-09-08T08:51:44.727666', 'source': 'Air India Express'}"
MakeMyTrip,ota,DEL-BOM,DEL,BOM,2026-09-23,T+15,4786.88,883.65,350.0,6020.53,Economy,Available,2026-09-08T08:51:47.953766,6E-204,6E,"{'scraped_at': '2026-09-08T08:51:47.953706', 'source': 'MakeMyTrip'}"
Yatra,ota,DEL-BOM,DEL,BOM,2026-09-23,T+15,4946.81,1058.41,350.0,6355.22,Economy,Available,2026-09-08T08:51:48.168209,AI-506,AI,"{'scraped_at': '2026-09-08T08:51:48.168154', 'source': 'Yatra'}"
EaseMyTrip,ota,DEL-BOM,DEL,BOM,2026-09-23,T+15,4620.39,949.04,0.0,5569.43,Economy,Available,2026-09-08T08:51:41.922565,QP-1102,QP,"{'scraped_at': '2026-09-08T08:51:41.922497', 'source': 'EaseMyTrip'}"
Cleartrip,ota,DEL-BOM,DEL,BOM,2026-09-23,T+15,4643.43,1059.95,350.0,6053.38,Economy,Available,2026-09-08T08:51:42.271404,SG-8101,SG,"{'scraped_at': '2026-09-08T08:51:42.271308', 'source': 'Cleartrip'}"
Ixigo,ota,DEL-BOM,DEL,BOM,2026-09-23,T+15,4741.07,973.14,350.0,6064.21,Economy,Available,2026-09-08T08:51:42.072764,IX-2841,IX,"{'scraped_at': '2026-09-08T08:51:42.072618', 'source': 'Ixigo'}"
Goibibo,ota,DEL-BOM,DEL,BOM,2026-09-23,T+15,4930.79,1064.04,350.0,6344.83,Economy,Available,2026-09-08T08:51:47.898132,6E-6104,6E,"{'scraped_at': '2026-09-08T08:51:47.898061', 'source': 'Goibibo'}"
IndiGo,airline,DEL-BOM,DEL,BOM,2026-10-08,T+30,3872.08,700.01,0.0,4572.09,Economy,Available,2026-09-08T08:51:48.209308,6E-512,6E,"{'scraped_at': '2026-09-08T08:51:48.209254', 'source': 'IndiGo'}"
Air India,airline,DEL-BOM,DEL,BOM,2026-10-08,T+30,4687.34,899.67,0.0,5587.01,Economy,Available,2026-09-08T08:51:47.848258,AI-805,AI,"{'scraped_at': '2026-09-08T08:51:47.848192', 'source': 'Air India'}"
Akasa Air,airline,DEL-BOM,DEL,BOM,2026-10-08,T+30,3774.7,901.22,0.0,4675.92,Economy,Available,2026-09-08T08:51:42.061766,QP-1301,QP,"{'scraped_at': '2026-09-08T08:51:42.061675', 'source': 'Akasa Air'}"
SpiceJet,airline,DEL-BOM,DEL,BOM,2026-10-08,T+30,3871.09,899.63,0.0,4770.72,Economy,Available,2026-09-08T08:51:42.276320,SG-8169,SG,"{'scraped_at': '2026-09-08T08:51:42.276261', 'source': 'SpiceJet'}"
Air India Express,airline,DEL-BOM,DEL,BOM,2026-10-08,T+30,3694.13,793.37,0.0,4487.5,Economy,Available,2026-09-08T08:51:44.772347,IX-1422,IX,"{'scraped_at': '2026-09-08T08:51:44.772275', 'source': 'Air India Express'}"
MakeMyTrip,ota,DEL-BOM,DEL,BOM,2026-10-08,T+30,4336.36,843.64,350.0,5530.0,Economy,Available,2026-09-08T08:51:48.227447,6E-204,6E,"{'scraped_at': '2026-09-08T08:51:48.227379', 'source': 'MakeMyTrip'}"
Yatra,ota,DEL-BOM,DEL,BOM,2026-10-08,T+30,3996.21,753.26,350.0,5099.47,Economy,Available,2026-09-08T08:51:48.183545,AI-506,AI,"{'scraped_at': '2026-09-08T08:51:48.183478', 'source': 'Yatra'}"
EaseMyTrip,ota,DEL-BOM,DEL,BOM,2026-10-08,T+30,4258.63,971.65,0.0,5230.28,Economy,Available,2026-09-08T08:51:42.084438,QP-1102,QP,"{'scraped_at': '2026-09-08T08:51:42.084346', 'source': 'EaseMyTrip'}"
Cleartrip,ota,DEL-BOM,DEL,BOM,2026-10-08,T+30,4058.67,734.14,350.0,5142.81,Economy,Available,2026-09-08T08:51:42.268292,SG-8101,SG,"{'scraped_at': '2026-09-08T08:51:42.268223', 'source': 'Cleartrip'}"
Ixigo,ota,DEL-BOM,DEL,BOM,2026-10-08,T+30,3917.46,857.35,350.0,5124.81,Economy,Available,2026-09-08T08:51:42.195736,IX-2841,IX,"{'scraped_at': '2026-09-08T08:51:42.195703', 'source': 'Ixigo'}"
Goibibo,ota,DEL-BOM,DEL,BOM,2026-10-08,T+30,4013.78,849.02,350.0,5212.8,Economy,Available,2026-09-08T08:51:48.237383,6E-6104,6E,"{'scraped_at': '2026-09-08T08:51:48.237319', 'source': 'Goibibo'}"
IndiGo,airline,DEL-BOM,DEL,BOM,2026-10-23,T+45,3739.47,819.82,0.0,4559.29,Economy,Available,2026-09-08T08:51:47.868020,6E-512,6E,"{'scraped_at': '2026-09-08T08:51:47.867955', 'source': 'IndiGo'}"
Air India,airline,DEL-BOM,DEL,BOM,2026-10-23,T+45,4115.08,911.34,0.0,5026.42,Economy,Available,2026-09-08T08:51:47.880399,AI-805,AI,"{'scraped_at': '2026-09-08T08:51:47.880332', 'source': 'Air India'}"
Akasa Air,airline,DEL-BOM,DEL,BOM,2026-10-23,T+45,3485.62,734.25,0.0,4219.87,Economy,Available,2026-09-08T08:51:42.060372,QP-1301,QP,"{'scraped_at': '2026-09-08T08:51:42.060308', 'source': 'Akasa Air'}"
SpiceJet,airline,DEL-BOM,DEL,BOM,2026-10-23,T+45,3614.39,799.44,0.0,4413.83,Economy,Available,2026-09-08T08:51:42.507984,SG-8169,SG,"{'scraped_at': '2026-09-08T08:51:42.507934', 'source': 'SpiceJet'}"
Air India Express,airline,DEL-BOM,DEL,BOM,2026-10-23,T+45,3457.69,668.55,0.0,4126.24,Economy,Available,2026-09-08T08:51:44.761976,IX-1422,IX,"{'scraped_at': '2026-09-08T08:51:44.761931', 'source': 'Air India Express'}"
MakeMyTrip,ota,DEL-BOM,DEL,BOM,2026-10-23,T+45,3859.15,787.37,350.0,4996.52,Economy,Available,2026-09-08T08:51:48.219146,6E-204,6E,"{'scraped_at': '2026-09-08T08:51:48.219078', 'source': 'MakeMyTrip'}"
Yatra,ota,DEL-BOM,DEL,BOM,2026-10-23,T+45,3784.97,706.24,350.0,4841.21,Economy,Available,2026-09-08T08:51:48.202609,AI-506,AI,"{'scraped_at': '2026-09-08T08:51:48.202530', 'source': 'Yatra'}"
EaseMyTrip,ota,DEL-BOM,DEL,BOM,2026-10-23,T+45,3753.45,723.05,0.0,4476.5,Economy,Available,2026-09-08T08:51:42.084876,QP-1102,QP,"{'scraped_at': '2026-09-08T08:51:42.084818', 'source': 'EaseMyTrip'}"
Cleartrip,ota,DEL-BOM,DEL,BOM,2026-10-23,T+45,3924.72,801.6,350.0,5076.32,Economy,Available,2026-09-08T08:51:42.270229,SG-8101,SG,"{'scraped_at': '2026-09-08T08:51:42.270154', 'source': 'Cleartrip'}"
Ixigo,ota,DEL-BOM,DEL,BOM,2026-10-23,T+45,3692.12,703.87,350.0,4745.99,Economy,Available,2026-09-08T08:51:42.192382,IX-2841,IX,"{'scraped_at': '2026-09-08T08:51:42.192328', 'source': 'Ixigo'}"
Goibibo,ota,DEL-BOM,DEL,BOM,2026-10-23,T+45,3727.48,846.37,350.0,4923.85,Economy,Available,2026-09-08T08:51:48.248339,6E-6104,6E,"{'scraped_at': '2026-09-08T08:51:48.248283', 'source': 'Goibibo'}"
IndiGo,airline,DEL-BLR,DEL,BLR,2026-09-09,T+1,7644.32,1759.56,0.0,9403.88,Economy,Available,2026-09-08T08:51:47.937053,6E-512,6E,"{'scraped_at': '2026-09-08T08:51:47.936987', 'source': 'IndiGo'}"
Air India,airline,DEL-BLR,DEL,BLR,2026-09-09,T+1,8658.73,1591.46,0.0,10250.19,Economy,Available,2026-09-08T08:51:47.923194,AI-805,AI,"{'scraped_at': '2026-09-08T08:51:47.923128', 'source': 'Air India'}"
Akasa Air,airline,DEL-BLR,DEL,BLR,2026-09-09,T+1,7300.94,1668.08,0.0,8969.02,Economy,Available,2026-09-08T08:51:42.195471,QP-1301,QP,"{'scraped_at': '2026-09-08T08:51:42.195428', 'source': 'Akasa Air'}"
SpiceJet,airline,DEL-BLR,DEL,BLR,2026-09-09,T+1,7475.25,1366.69,0.0,8841.94,Economy,Available,2026-09-08T08:51:42.276664,SG-8169,SG,"{'scraped_at': '2026-09-08T08:51:42.276617', 'source': 'SpiceJet'}"
Air India Express,airline,DEL-BLR,DEL,BLR,2026-09-09,T+1,7111.88,1500.16,0.0,8612.04,Economy,Available,2026-09-08T08:51:44.770853,IX-1422,IX,"{'scraped_at': '2026-09-08T08:51:44.770806', 'source': 'Air India Express'}"
MakeMyTrip,ota,DEL-BLR,DEL,BLR,2026-09-09,T+1,8339.45,1820.52,350.0,10509.97,Economy,Available,2026-09-08T08:51:47.977413,6E-204,6E,"{'scraped_at': '2026-09-08T08:51:47.977354', 'source': 'MakeMyTrip'}"
Yatra,ota,DEL-BLR,DEL,BLR,2026-09-09,T+1,7884.69,1537.47,350.0,9772.16,Economy,Available,2026-09-08T08:51:49.830009,AI-506,AI,"{'scraped_at': '2026-09-08T08:51:49.829939', 'source': 'Yatra'}"
EaseMyTrip,ota,DEL-BLR,DEL,BLR,2026-09-09,T+1,8006.55,1798.58,0.0,9805.13,Economy,Available,2026-09-08T08:51:42.198720,QP-1102,QP,"{'scraped_at': '2026-09-08T08:51:42.198689', 'source': 'EaseMyTrip'}"
Cleartrip,ota,DEL-BLR,DEL,BLR,2026-09-09,T+1,7972.28,1725.53,350.0,10047.81,Economy,Available,2026-09-08T08:51:43.881010,SG-8101,SG,"{'scraped_at': '2026-09-08T08:51:43.880947', 'source': 'Cleartrip'}"
Ixigo,ota,DEL-BLR,DEL,BLR,2026-09-09,T+1,7675.37,1600.31,350.0,9625.68,Economy,Available,2026-09-08T08:51:42.450940,IX-2841,IX,"{'scraped_at': '2026-09-08T08:51:42.450887', 'source': 'Ixigo'}"
Goibibo,ota,DEL-BLR,DEL,BLR,2026-09-09,T+1,8181.31,1486.0,350.0,10017.31,Economy,Available,2026-09-08T08:51:51.883195,6E-6104,6E,"{'scraped_at': '2026-09-08T08:51:51.883110', 'source': 'Goibibo'}"
IndiGo,airline,DEL-BLR,DEL,BLR,2026-09-15,T+7,6450.63,1280.43,0.0,7731.06,Economy,Available,2026-09-08T08:51:51.951470,6E-512,6E,"{'scraped_at': '2026-09-08T08:51:51.951417', 'source': 'IndiGo'}"
Air India,airline,DEL-BLR,DEL,BLR,2026-09-15,T+7,6765.15,1226.54,0.0,7991.69,Economy,Available,2026-09-08T08:51:51.896776,AI-805,AI,"{'scraped_at': '2026-09-08T08:51:51.896722', 'source': 'Air India'}"
Akasa Air,airline,DEL-BLR,DEL,BLR,2026-09-15,T+7,6192.29,1357.07,0.0,7549.36,Economy,Available,2026-09-08T08:51:42.884040,QP-1301,QP,"{'scraped_at': '2026-09-08T08:51:42.883930', 'source': 'Akasa Air'}"
SpiceJet,airline,DEL-BLR,DEL,BLR,2026-09-15,T+7,5908.9,1188.28,0.0,7097.18,Economy,Available,2026-09-08T08:51:42.962741,SG-8169,SG,"{'scraped_at': '2026-09-08T08:51:42.962678', 'source': 'SpiceJet'}"
Air India Express,airline,DEL-BLR,DEL,BLR,2026-09-15,T+7,5738.26,1111.16,0.0,6849.42,Economy,Available,2026-09-08T08:51:45.006623,IX-1422,IX,"{'scraped_at': '2026-09-08T08:51:45.006541', 'source': 'Air India Express'}"
MakeMyTrip,ota,DEL-BLR,DEL,BLR,2026-09-15,T+7,6213.39,1199.12,350.0,7762.51,Economy,Available,2026-09-08T08:51:51.941377,6E-204,6E,"{'scraped_at': '2026-09-08T08:51:51.941312', 'source': 'MakeMyTrip'}"
Yatra,ota,DEL-BLR,DEL,BLR,2026-09-15,T+7,6078.4,1265.08,350.0,7693.48,Economy,Available,2026-09-08T08:51:49.772367,AI-506,AI,"{'scraped_at': '2026-09-08T08:51:49.772303', 'source': 'Yatra'}"
EaseMyTrip,ota,DEL-BLR,DEL,BLR,2026-09-15,T+7,6046.57,1361.59,0.0,7408.16,Economy,Available,2026-09-08T08:51:42.094413,QP-1102,QP,"{'scraped_at': '2026-09-08T08:51:42.094344', 'source': 'EaseMyTrip'}"
Cleartrip,ota,DEL-BLR,DEL,BLR,2026-09-15,T+7,6596.11,1353.02,350.0,8299.13,Economy,Available,2026-09-08T08:51:43.549830,SG-8101,SG,"{'scraped_at': '2026-09-08T08:51:43.549750', 'source': 'Cleartrip'}"
Ixigo,ota,DEL-BLR,DEL,BLR,2026-09-15,T+7,6255.21,1274.36,350.0,7879.57,Economy,Available,2026-09-08T08:51:42.450090,IX-2841,IX,"{'scraped_at': '2026-09-08T08:51:42.450062', 'source': 'Ixigo'}"
Goibibo,ota,DEL-BLR,DEL,BLR,2026-09-15,T+7,6322.63,1184.29,350.0,7856.92,Economy,Available,2026-09-08T08:51:51.909637,6E-6104,6E,"{'scraped_at': '2026-09-08T08:51:51.909576', 'source': 'Goibibo'}"
IndiGo,airline,DEL-BLR,DEL,BLR,2026-09-23,T+15,5621.05,1210.83,0.0,6831.88,Economy,Available,2026-09-08T08:51:51.915819,6E-512,6E,"{'scraped_at': '2026-09-08T08:51:51.915761', 'source': 'IndiGo'}"
Air India,airline,DEL-BLR,DEL,BLR,2026-09-23,T+15,5754.83,1101.58,0.0,6856.41,Economy,Available,2026-09-08T08:51:52.552226,AI-805,AI,"{'scraped_at': '2026-09-08T08:51:52.552172', 'source': 'Air India'}"
Akasa Air,airline,DEL-BLR,DEL,BLR,2026-09-23,T+15,5063.41,1189.39,0.0,6252.8,Economy,Available,2026-09-08T08:51:42.819216,QP-1301,QP,"{'scraped_at': '2026-09-08T08:51:42.819182', 'source': 'Akasa Air'}"
SpiceJet,airline,DEL-BLR,DEL,BLR,2026-09-23,T+15,5402.99,1018.49,0.0,6421.48,Economy,Available,2026-09-08T08:51:42.962986,SG-8169,SG,"{'scraped_at': '2026-09-08T08:51:42.962962', 'source': 'SpiceJet'}"
Air India Express,airline,DEL-BLR,DEL,BLR,2026-09-23,T+15,4881.88,1163.22,0.0,6045.1,Economy,Available,2026-09-08T08:51:44.547382,IX-1422,IX,"{'scraped_at': '2026-09-08T08:51:44.547294', 'source': 'Air India Express'}"
MakeMyTrip,ota,DEL-BLR,DEL,BLR,2026-09-23,T+15,5569.28,1020.0,350.0,6939.28,Economy,Available,2026-09-08T08:51:52.575615,6E-204,6E,"{'scraped_at': '2026-09-08T08:51:52.575558', 'source': 'MakeMyTrip'}"
Yatra,ota,DEL-BLR,DEL,BLR,2026-09-23,T+15,5565.74,1101.78,350.0,7017.52,Economy,Available,2026-09-08T08:51:49.791310,AI-506,AI,"{'scraped_at': '2026-09-08T08:51:49.791247', 'source': 'Yatra'}"
EaseMyTrip,ota,DEL-BLR,DEL,BLR,2026-09-23,T+15,5533.2,1306.5,0.0,6839.7,Economy,Available,2026-09-08T08:51:42.095946,QP-1102,QP,"{'scraped_at': '2026-09-08T08:51:42.095904', 'source': 'EaseMyTrip'}"
Cleartrip,ota,DEL-BLR,DEL,BLR,2026-09-23,T+15,5376.46,1283.04,350.0,7009.5,Economy,Available,2026-09-08T08:51:43.577587,SG-8101,SG,"{'scraped_at': '2026-09-08T08:51:43.577519', 'source': 'Cleartrip'}"
Ixigo,ota,DEL-BLR,DEL,BLR,2026-09-23,T+15,5342.8,1018.03,350.0,6710.83,Economy,Available,2026-09-08T08:51:42.450372,IX-2841,IX,"{'scraped_at': '2026-09-08T08:51:42.450354', 'source': 'Ixigo'}"
Goibibo,ota,DEL-BLR,DEL,BLR,2026-09-23,T+15,5346.3,1006.48,350.0,6702.78,Economy,Available,2026-09-08T08:51:51.947557,6E-6104,6E,"{'scraped_at': '2026-09-08T08:51:51.947502', 'source': 'Goibibo'}"
IndiGo,airline,DEL-BLR,DEL,BLR,2026-10-08,T+30,4502.91,999.46,0.0,5502.37,Economy,Available,2026-09-08T08:51:51.931591,6E-512,6E,"{'scraped_at': '2026-09-08T08:51:51.931536', 'source': 'IndiGo'}"
Air India,airline,DEL-BLR,DEL,BLR,2026-10-08,T+30,5184.79,999.06,0.0,6183.85,Economy,Available,2026-09-08T08:51:51.957899,AI-805,AI,"{'scraped_at': '2026-09-08T08:51:51.957822', 'source': 'Air India'}"
Akasa Air,airline,DEL-BLR,DEL,BLR,2026-10-08,T+30,4368.99,1038.26,0.0,5407.25,Economy,Available,2026-09-08T08:51:42.579026,QP-1301,QP,"{'scraped_at': '2026-09-08T08:51:42.578964', 'source': 'Akasa Air'}"
SpiceJet,airline,DEL-BLR,DEL,BLR,2026-10-08,T+30,4426.83,1009.69,0.0,5436.52,Economy,Available,2026-09-08T08:51:42.962080,SG-8169,SG,"{'scraped_at': '2026-09-08T08:51:42.962035', 'source': 'SpiceJet'}"
Air India Express,airline,DEL-BLR,DEL,BLR,2026-10-08,T+30,4628.91,854.19,0.0,5483.1,Economy,Available,2026-09-08T08:51:44.988169,IX-1422,IX,"{'scraped_at': '2026-09-08T08:51:44.988103', 'source': 'Air India Express'}"
MakeMyTrip,ota,DEL-BLR,DEL,BLR,2026-10-08,T+30,4770.37,982.13,350.0,6102.5,Economy,Available,2026-09-08T08:51:52.622382,6E-204,6E,"{'scraped_at': '2026-09-08T08:51:52.622309', 'source': 'MakeMyTrip'}"
Yatra,ota,DEL-BLR,DEL,BLR,2026-10-08,T+30,5103.24,940.94,350.0,6394.18,Economy,Available,2026-09-08T08:51:49.875666,AI-506,AI,"{'scraped_at': '2026-09-08T08:51:49.875599', 'source': 'Yatra'}"
EaseMyTrip,ota,DEL-BLR,DEL,BLR,2026-10-08,T+30,4811.0,981.13,0.0,5792.13,Economy,Available,2026-09-08T08:51:42.094831,QP-1102,QP,"{'scraped_at': '2026-09-08T08:51:42.094765', 'source': 'EaseMyTrip'}"
Cleartrip,ota,DEL-BLR,DEL,BLR,2026-10-08,T+30,4853.06,962.67,350.0,6165.73,Economy,Available,2026-09-08T08:51:43.557796,SG-8101,SG,"{'scraped_at': '2026-09-08T08:51:43.557762', 'source': 'Cleartrip'}"
Ixigo,ota,DEL-BLR,DEL,BLR,2026-10-08,T+30,4711.58,1130.59,350.0,6192.17,Economy,Available,2026-09-08T08:51:42.450244,IX-2841,IX,"{'scraped_at': '2026-09-08T08:51:42.450224', 'source': 'Ixigo'}"
Goibibo,ota,DEL-BLR,DEL,BLR,2026-10-08,T+30,4893.49,1075.43,350.0,6318.92,Economy,Available,2026-09-08T08:51:52.588137,6E-6104,6E,"{'scraped_at': '2026-09-08T08:51:52.588073', 'source': 'Goibibo'}"
IndiGo,airline,DEL-BLR,DEL,BLR,2026-10-23,T+45,4202.08,877.95,0.0,5080.03,Economy,Available,2026-09-08T08:51:52.567032,6E-512,6E,"{'scraped_at': '2026-09-08T08:51:52.566955', 'source': 'IndiGo'}"
Air India,airline,DEL-BLR,DEL,BLR,2026-10-23,T+45,4828.71,1080.3,0.0,5909.01,Economy,Available,2026-09-08T08:51:52.069635,AI-805,AI,"{'scraped_at': '2026-09-08T08:51:52.069581', 'source': 'Air India'}"
Akasa Air,airline,DEL-BLR,DEL,BLR,2026-10-23,T+45,4230.6,924.44,0.0,5155.04,Economy,Available,2026-09-08T08:51:42.579300,QP-1301,QP,"{'scraped_at': '2026-09-08T08:51:42.579264', 'source': 'Akasa Air'}"
SpiceJet,airline,DEL-BLR,DEL,BLR,2026-10-23,T+45,4270.13,863.64,0.0,5133.77,Economy,Available,2026-09-08T08:51:42.961111,SG-8169,SG,"{'scraped_at': '2026-09-08T08:51:42.961059', 'source': 'SpiceJet'}"
Air India Express,airline,DEL-BLR,DEL,BLR,2026-10-23,T+45,4282.12,970.53,0.0,5252.65,Economy,Available,2026-09-08T08:51:44.689461,IX-1422,IX,"{'scraped_at': '2026-09-08T08:51:44.689393', 'source': 'Air India Express'}"
MakeMyTrip,ota,DEL-BLR,DEL,BLR,2026-10-23,T+45,4695.86,1066.08,350.0,6111.94,Economy,Available,2026-09-08T08:51:51.968418,6E-204,6E,"{'scraped_at': '2026-09-08T08:51:51.968353', 'source': 'MakeMyTrip'}"
Yatra,ota,DEL-BLR,DEL,BLR,2026-10-23,T+45,4360.75,932.36,350.0,5643.11,Economy,Available,2026-09-08T08:51:50.046700,AI-506,AI,"{'scraped_at': '2026-09-08T08:51:50.046630', 'source': 'Yatra'}"
EaseMyTrip,ota,DEL-BLR,DEL,BLR,2026-10-23,T+45,4641.23,1017.51,0.0,5658.74,Economy,Available,2026-09-08T08:51:42.197908,QP-1102,QP,"{'scraped_at': '2026-09-08T08:51:42.197857', 'source': 'EaseMyTrip'}"
Cleartrip,ota,DEL-BLR,DEL,BLR,2026-10-23,T+45,4600.84,965.73,350.0,5916.57,Economy,Available,2026-09-08T08:51:43.552017,SG-8101,SG,"{'scraped_at': '2026-09-08T08:51:43.551946', 'source': 'Cleartrip'}"
Ixigo,ota,DEL-BLR,DEL,BLR,2026-10-23,T+45,4661.35,937.0,350.0,5948.35,Economy,Available,2026-09-08T08:51:42.506044,IX-2841,IX,"{'scraped_at': '2026-09-08T08:51:42.505971', 'source': 'Ixigo'}"
Goibibo,ota,DEL-BLR,DEL,BLR,2026-10-23,T+45,4600.99,853.72,350.0,5804.71,Economy,Available,2026-09-08T08:51:52.009669,6E-6104,6E,"{'scraped_at': '2026-09-08T08:51:52.009616', 'source': 'Goibibo'}"
IndiGo,airline,BOM-BLR,BOM,BLR,2026-09-09,T+1,5624.38,1267.37,0.0,6891.75,Economy,Available,2026-09-08T08:51:51.982718,6E-512,6E,"{'scraped_at': '2026-09-08T08:51:51.982665', 'source': 'IndiGo'}"
Air India,airline,BOM-BLR,BOM,BLR,2026-09-09,T+1,6368.88,1184.86,0.0,7553.74,Economy,Available,2026-09-08T08:51:52.017269,AI-805,AI,"{'scraped_at': '2026-09-08T08:51:52.017212', 'source': 'Air India'}"
Akasa Air,airline,BOM-BLR,BOM,BLR,2026-09-09,T+1,5099.21,1137.99,0.0,6237.2,Economy,Available,2026-09-08T08:51:42.579789,QP-1301,QP,"{'scraped_at': '2026-09-08T08:51:42.579738', 'source': 'Akasa Air'}"
SpiceJet,airline,BOM-BLR,BOM,BLR,2026-09-09,T+1,5134.24,1135.65,0.0,6269.89,Economy,Available,2026-09-08T08:51:42.956096,SG-8169,SG,"{'scraped_at': '2026-09-08T08:51:42.956028', 'source': 'SpiceJet'}"
Air India Express,airline,BOM-BLR,BOM,BLR,2026-09-09,T+1,5036.94,1161.72,0.0,6198.66,Economy,Available,2026-09-08T08:51:44.778061,IX-1422,IX,"{'scraped_at': '2026-09-08T08:51:44.777999', 'source': 'Air India Express'}"
MakeMyTrip,ota,BOM-BLR,BOM,BLR,2026-09-09,T+1,5641.71,1291.68,350.0,7283.39,Economy,Available,2026-09-08T08:51:52.060089,6E-204,6E,"{'scraped_at': '2026-09-08T08:51:52.060036', 'source': 'MakeMyTrip'}"
Yatra,ota,BOM-BLR,BOM,BLR,2026-09-09,T+1,5658.89,1275.6,350.0,7284.49,Economy,Available,2026-09-08T08:51:49.994414,AI-506,AI,"{'scraped_at': '2026-09-08T08:51:49.994312', 'source': 'Yatra'}"
EaseMyTrip,ota,BOM-BLR,BOM,BLR,2026-09-09,T+1,5653.73,1161.43,0.0,6815.16,Economy,Available,2026-09-08T08:51:42.097915,QP-1102,QP,"{'scraped_at': '2026-09-08T08:51:42.097846', 'source': 'EaseMyTrip'}"
Cleartrip,ota,BOM-BLR,BOM,BLR,2026-09-09,T+1,5793.41,1272.74,350.0,7416.15,Economy,Available,2026-09-08T08:51:43.366964,SG-8101,SG,"{'scraped_at': '2026-09-08T08:51:43.366889', 'source': 'Cleartrip'}"
Ixigo,ota,BOM-BLR,BOM,BLR,2026-09-09,T+1,5471.99,1015.33,350.0,6837.32,Economy,Available,2026-09-08T08:51:42.451216,IX-2841,IX,"{'scraped_at': '2026-09-08T08:51:42.451189', 'source': 'Ixigo'}"
Goibibo,ota,BOM-BLR,BOM,BLR,2026-09-09,T+1,5522.21,1157.81,350.0,7030.02,Economy,Available,2026-09-08T08:51:52.602697,6E-6104,6E,"{'scraped_at': '2026-09-08T08:51:52.602643', 'source': 'Goibibo'}"
IndiGo,airline,BOM-BLR,BOM,BLR,2026-09-15,T+7,4198.75,816.49,0.0,5015.24,Economy,Available,2026-09-08T08:51:52.609792,6E-512,6E,"{'scraped_at': '2026-09-08T08:51:52.609737', 'source': 'IndiGo'}"
Air India,airline,BOM-BLR,BOM,BLR,2026-09-15,T+7,4816.28,1074.76,0.0,5891.04,Economy,Available,2026-09-08T08:51:52.652892,AI-805,AI,"{'scraped_at': '2026-09-08T08:51:52.652829', 'source': 'Air India'}"
Akasa Air,airline,BOM-BLR,BOM,BLR,2026-09-15,T+7,4171.1,766.79,0.0,4937.89,Economy,Available,2026-09-08T08:51:42.505202,QP-1301,QP,"{'scraped_at': '2026-09-08T08:51:42.505126', 'source': 'Akasa Air'}"
SpiceJet,airline,BOM-BLR,BOM,BLR,2026-09-15,T+7,4372.09,815.46,0.0,5187.55,Economy,Available,2026-09-08T08:51:42.969584,SG-8169,SG,"{'scraped_at': '2026-09-08T08:51:42.969523', 'source': 'SpiceJet'}"
Air India Express,airline,BOM-BLR,BOM,BLR,2026-09-15,T+7,4201.26,804.02,0.0,5005.28,Economy,Available,2026-09-08T08:51:44.447490,IX-1422,IX,"{'scraped_at': '2026-09-08T08:51:44.447423', 'source': 'Air India Express'}"
MakeMyTrip,ota,BOM-BLR,BOM,BLR,2026-09-15,T+7,4503.53,872.21,350.0,5725.74,Economy,Available,2026-09-08T08:51:51.996877,6E-204,6E,"{'scraped_at': '2026-09-08T08:51:51.996807', 'source': 'MakeMyTrip'}"
Yatra,ota,BOM-BLR,BOM,BLR,2026-09-15,T+7,4360.88,853.14,350.0,5564.02,Economy,Available,2026-09-08T08:51:49.853117,AI-506,AI,"{'scraped_at': '2026-09-08T08:51:49.853046', 'source': 'Yatra'}"
EaseMyTrip,ota,BOM-BLR,BOM,BLR,2026-09-15,T+7,4486.17,993.49,0.0,5479.66,Economy,Available,2026-09-08T08:51:42.095077,QP-1102,QP,"{'scraped_at': '2026-09-08T08:51:42.095043', 'source': 'EaseMyTrip'}"
Cleartrip,ota,BOM-BLR,BOM,BLR,2026-09-15,T+7,4676.63,1096.77,350.0,6123.4,Economy,Available,2026-09-08T08:51:43.555776,SG-8101,SG,"{'scraped_at': '2026-09-08T08:51:43.555739', 'source': 'Cleartrip'}"
Ixigo,ota,BOM-BLR,BOM,BLR,2026-09-15,T+7,4315.29,805.33,350.0,5470.62,Economy,Available,2026-09-08T08:51:42.815642,IX-2841,IX,"{'scraped_at': '2026-09-08T08:51:42.815577', 'source': 'Ixigo'}"
Goibibo,ota,BOM-BLR,BOM,BLR,2026-09-15,T+7,4533.58,1026.01,350.0,5909.59,Economy,Available,2026-09-08T08:51:52.035054,6E-6104,6E,"{'scraped_at': '2026-09-08T08:51:52.034998', 'source': 'Goibibo'}"
IndiGo,airline,BOM-BLR,BOM,BLR,2026-09-23,T+15,3591.85,787.57,0.0,4379.42,Economy,Available,2026-09-08T08:51:52.613993,6E-512,6E,"{'scraped_at': '2026-09-08T08:51:52.613939', 'source': 'IndiGo'}"
Air India,airline,BOM-BLR,BOM,BLR,2026-09-23,T+15,4257.17,853.78,0.0,5110.95,Economy,Available,2026-09-08T08:51:52.145918,AI-805,AI,"{'scraped_at': '2026-09-08T08:51:52.145862', 'source': 'Air India'}"
Akasa Air,airline,BOM-BLR,BOM,BLR,2026-09-23,T+15,3577.34,708.18,0.0,4285.52,Economy,Available,2026-09-08T08:51:42.579521,QP-1301,QP,"{'scraped_at': '2026-09-08T08:51:42.579476', 'source': 'Akasa Air'}"
SpiceJet,airline,BOM-BLR,BOM,BLR,2026-09-23,T+15,3848.13,737.44,0.0,4585.57,Economy,Available,2026-09-08T08:51:42.972153,SG-8169,SG,"{'scraped_at': '2026-09-08T08:51:42.972122', 'source': 'SpiceJet'}"
Air India Express,airline,BOM-BLR,BOM,BLR,2026-09-23,T+15,3618.68,658.86,0.0,4277.54,Economy,Available,2026-09-08T08:51:44.749048,IX-1422,IX,"{'scraped_at': '2026-09-08T08:51:44.749009', 'source': 'Air India Express'}"
MakeMyTrip,ota,BOM-BLR,BOM,BLR,2026-09-23,T+15,3835.21,838.29,350.0,5023.5,Economy,Available,2026-09-08T08:51:52.135580,6E-204,6E,"{'scraped_at': '2026-09-08T08:51:52.135523', 'source': 'MakeMyTrip'}"
Yatra,ota,BOM-BLR,BOM,BLR,2026-09-23,T+15,4003.24,821.45,350.0,5174.69,Economy,Available,2026-09-08T08:51:49.965609,AI-506,AI,"{'scraped_at': '2026-09-08T08:51:49.965538', 'source': 'Yatra'}"
EaseMyTrip,ota,BOM-BLR,BOM,BLR,2026-09-23,T+15,3605.11,700.0,0.0,4305.11,Economy,Available,2026-09-08T08:51:42.198231,QP-1102,QP,"{'scraped_at': '2026-09-08T08:51:42.198193', 'source': 'EaseMyTrip'}"
Cleartrip,ota,BOM-BLR,BOM,BLR,2026-09-23,T+15,3811.83,756.72,350.0,4918.55,Economy,Available,2026-09-08T08:51:43.557524,SG-8101,SG,"{'scraped_at': '2026-09-08T08:51:43.557458', 'source': 'Cleartrip'}"
Ixigo,ota,BOM-BLR,BOM,BLR,2026-09-23,T+15,3797.9,812.07,350.0,4959.97,Economy,Available,2026-09-08T08:51:42.451367,IX-2841,IX,"{'scraped_at': '2026-09-08T08:51:42.451348', 'source': 'Ixigo'}"
Goibibo,ota,BOM-BLR,BOM,BLR,2026-09-23,T+15,3697.87,845.76,350.0,4893.63,Economy,Available,2026-09-08T08:51:52.048079,6E-6104,6E,"{'scraped_at': '2026-09-08T08:51:52.048024', 'source': 'Goibibo'}"
IndiGo,airline,BOM-BLR,BOM,BLR,2026-10-08,T+30,3265.86,662.7,0.0,3928.56,Economy,Available,2026-09-08T08:51:52.053754,6E-512,6E,"{'scraped_at': '2026-09-08T08:51:52.053700', 'source': 'IndiGo'}"
Air India,airline,BOM-BLR,BOM,BLR,2026-10-08,T+30,3826.98,875.61,0.0,4702.59,Economy,Available,2026-09-08T08:51:52.089238,AI-805,AI,"{'scraped_at': '2026-09-08T08:51:52.089173', 'source': 'Air India'}"
Akasa Air,airline,BOM-BLR,BOM,BLR,2026-10-08,T+30,3247.03,595.91,0.0,3842.94,Economy,Available,2026-09-08T08:51:42.708424,QP-1301,QP,"{'scraped_at': '2026-09-08T08:51:42.708329', 'source': 'Akasa Air'}"
SpiceJet,airline,BOM-BLR,BOM,BLR,2026-10-08,T+30,3267.87,689.21,0.0,3957.08,Economy,Available,2026-09-08T08:51:42.972501,SG-8169,SG,"{'scraped_at': '2026-09-08T08:51:42.972473', 'source': 'SpiceJet'}"
Air India Express,airline,BOM-BLR,BOM,BLR,2026-10-08,T+30,3043.66,671.35,0.0,3715.01,Economy,Available,2026-09-08T08:51:44.722947,IX-1422,IX,"{'scraped_at': '2026-09-08T08:51:44.722885', 'source': 'Air India Express'}"
MakeMyTrip,ota,BOM-BLR,BOM,BLR,2026-10-08,T+30,3282.83,761.35,350.0,4394.18,Economy,Available,2026-09-08T08:51:52.690055,6E-204,6E,"{'scraped_at': '2026-09-08T08:51:52.690001', 'source': 'MakeMyTrip'}"
Yatra,ota,BOM-BLR,BOM,BLR,2026-10-08,T+30,3305.79,602.01,350.0,4257.8,Economy,Available,2026-09-08T08:51:49.821708,AI-506,AI,"{'scraped_at': '2026-09-08T08:51:49.821636', 'source': 'Yatra'}"
EaseMyTrip,ota,BOM-BLR,BOM,BLR,2026-10-08,T+30,3169.45,633.57,0.0,3803.02,Economy,Available,2026-09-08T08:51:42.095360,QP-1102,QP,"{'scraped_at': '2026-09-08T08:51:42.095260', 'source': 'EaseMyTrip'}"
Cleartrip,ota,BOM-BLR,BOM,BLR,2026-10-08,T+30,3540.63,721.04,350.0,4611.67,Economy,Available,2026-09-08T08:51:43.344567,SG-8101,SG,"{'scraped_at': '2026-09-08T08:51:43.344496', 'source': 'Cleartrip'}"
Ixigo,ota,BOM-BLR,BOM,BLR,2026-10-08,T+30,3326.7,714.16,350.0,4390.86,Economy,Available,2026-09-08T08:51:42.451621,IX-2841,IX,"{'scraped_at': '2026-09-08T08:51:42.451603', 'source': 'Ixigo'}"
Goibibo,ota,BOM-BLR,BOM,BLR,2026-10-08,T+30,3434.48,801.24,350.0,4585.72,Economy,Available,2026-09-08T08:51:52.677253,6E-6104,6E,"{'scraped_at': '2026-09-08T08:51:52.677187', 'source': 'Goibibo'}"
IndiGo,airline,BOM-BLR,BOM,BLR,2026-10-23,T+45,3197.46,722.38,0.0,3919.84,Economy,Available,2026-09-08T08:51:52.104191,6E-512,6E,"{'scraped_at': '2026-09-08T08:51:52.104136', 'source': 'IndiGo'}"
Air India,airline,BOM-BLR,BOM,BLR,2026-10-23,T+45,3521.87,701.91,0.0,4223.78,Economy,Available,2026-09-08T08:51:52.645210,AI-805,AI,"{'scraped_at': '2026-09-08T08:51:52.645156', 'source': 'Air India'}"
Akasa Air,airline,BOM-BLR,BOM,BLR,2026-10-23,T+45,3049.89,615.11,0.0,3665.0,Economy,Available,2026-09-08T08:51:42.703514,QP-1301,QP,"{'scraped_at': '2026-09-08T08:51:42.703435', 'source': 'Akasa Air'}"
SpiceJet,airline,BOM-BLR,BOM,BLR,2026-10-23,T+45,2958.41,675.96,0.0,3634.37,Economy,Available,2026-09-08T08:51:42.973032,SG-8169,SG,"{'scraped_at': '2026-09-08T08:51:42.973004', 'source': 'SpiceJet'}"
Air India Express,airline,BOM-BLR,BOM,BLR,2026-10-23,T+45,2993.78,607.56,0.0,3601.34,Economy,Available,2026-09-08T08:51:44.454015,IX-1422,IX,"{'scraped_at': '2026-09-08T08:51:44.453946', 'source': 'Air India Express'}"
MakeMyTrip,ota,BOM-BLR,BOM,BLR,2026-10-23,T+45,3141.17,581.62,350.0,4072.79,Economy,Available,2026-09-08T08:51:52.175400,6E-204,6E,"{'scraped_at': '2026-09-08T08:51:52.175334', 'source': 'MakeMyTrip'}"
Yatra,ota,BOM-BLR,BOM,BLR,2026-10-23,T+45,3090.41,730.52,350.0,4170.93,Economy,Available,2026-09-08T08:51:49.904695,AI-506,AI,"{'scraped_at': '2026-09-08T08:51:49.904643', 'source': 'Yatra'}"
EaseMyTrip,ota,BOM-BLR,BOM,BLR,2026-10-23,T+45,3064.48,591.28,0.0,3655.76,Economy,Available,2026-09-08T08:51:42.201363,QP-1102,QP,"{'scraped_at': '2026-09-08T08:51:42.201313', 'source': 'EaseMyTrip'}"
Cleartrip,ota,BOM-BLR,BOM,BLR,2026-10-23,T+45,3238.62,733.94,350.0,4322.56,Economy,Available,2026-09-08T08:51:43.578423,SG-8101,SG,"{'scraped_at': '2026-09-08T08:51:43.578350', 'source': 'Cleartrip'}"
Ixigo,ota,BOM-BLR,BOM,BLR,2026-10-23,T+45,3009.07,628.83,350.0,3987.9,Economy,Available,2026-09-08T08:51:42.451497,IX-2841,IX,"{'scraped_at': '2026-09-08T08:51:42.451478', 'source': 'Ixigo'}"
Goibibo,ota,BOM-BLR,BOM,BLR,2026-10-23,T+45,3002.35,554.03,350.0,3906.38,Economy,Available,2026-09-08T08:51:52.168790,6E-6104,6E,"{'scraped_at': '2026-09-08T08:51:52.168728', 'source': 'Goibibo'}"
IndiGo,airline,DEL-CCU,DEL,CCU,2026-09-09,T+1,6112.59,1460.12,0.0,7572.71,Economy,Available,2026-09-08T08:51:52.081260,6E-512,6E,"{'scraped_at': '2026-09-08T08:51:52.081195', 'source': 'IndiGo'}"
Air India,airline,DEL-CCU,DEL,CCU,2026-09-09,T+1,7108.13,1703.79,0.0,8811.92,Economy,Available,2026-09-08T08:51:52.110853,AI-805,AI,"{'scraped_at': '2026-09-08T08:51:52.110800', 'source': 'Air India'}"
Akasa Air,airline,DEL-CCU,DEL,CCU,2026-09-09,T+1,5806.11,1356.57,0.0,7162.68,Economy,Available,2026-09-08T08:51:42.818352,QP-1301,QP,"{'scraped_at': '2026-09-08T08:51:42.818317', 'source': 'Akasa Air'}"
SpiceJet,airline,DEL-CCU,DEL,CCU,2026-09-09,T+1,6334.43,1283.21,0.0,7617.64,Economy,Available,2026-09-08T08:51:42.972336,SG-8169,SG,"{'scraped_at': '2026-09-08T08:51:42.972307', 'source': 'SpiceJet'}"
Air India Express,airline,DEL-CCU,DEL,CCU,2026-09-09,T+1,5903.88,1322.66,0.0,7226.54,Economy,Available,2026-09-08T08:51:44.727076,IX-1422,IX,"{'scraped_at': '2026-09-08T08:51:44.727012', 'source': 'Air India Express'}"
MakeMyTrip,ota,DEL-CCU,DEL,CCU,2026-09-09,T+1,6573.63,1241.7,350.0,8165.33,Economy,Available,2026-09-08T08:51:52.635687,6E-204,6E,"{'scraped_at': '2026-09-08T08:51:52.635633', 'source': 'MakeMyTrip'}"
Yatra,ota,DEL-CCU,DEL,CCU,2026-09-09,T+1,6686.23,1251.02,350.0,8287.25,Economy,Available,2026-09-08T08:51:49.949319,AI-506,AI,"{'scraped_at': '2026-09-08T08:51:49.949267', 'source': 'Yatra'}"
EaseMyTrip,ota,DEL-CCU,DEL,CCU,2026-09-09,T+1,6510.85,1376.55,0.0,7887.4,Economy,Available,2026-09-08T08:51:42.095679,QP-1102,QP,"{'scraped_at': '2026-09-08T08:51:42.095585', 'source': 'EaseMyTrip'}"
Cleartrip,ota,DEL-CCU,DEL,CCU,2026-09-09,T+1,6338.71,1415.7,350.0,8104.41,Economy,Available,2026-09-08T08:51:43.349241,SG-8101,SG,"{'scraped_at': '2026-09-08T08:51:43.349169', 'source': 'Cleartrip'}"
Ixigo,ota,DEL-CCU,DEL,CCU,2026-09-09,T+1,6299.41,1354.64,350.0,8004.05,Economy,Available,2026-09-08T08:51:42.502723,IX-2841,IX,"{'scraped_at': '2026-09-08T08:51:42.502656', 'source': 'Ixigo'}"
Goibibo,ota,DEL-CCU,DEL,CCU,2026-09-09,T+1,6592.24,1462.64,350.0,8404.88,Economy,Available,2026-09-08T08:51:52.708767,6E-6104,6E,"{'scraped_at': '2026-09-08T08:51:52.708712', 'source': 'Goibibo'}"
IndiGo,airline,DEL-CCU,DEL,CCU,2026-09-15,T+7,5012.03,1063.55,0.0,6075.58,Economy,Available,2026-09-08T08:51:52.666613,6E-512,6E,"{'scraped_at': '2026-09-08T08:51:52.666551', 'source': 'IndiGo'}"
Air India,airline,DEL-CCU,DEL,CCU,2026-09-15,T+7,5370.39,985.38,0.0,6355.77,Economy,Available,2026-09-08T08:51:52.697054,AI-805,AI,"{'scraped_at': '2026-09-08T08:51:52.697000', 'source': 'Air India'}"
Akasa Air,airline,DEL-CCU,DEL,CCU,2026-09-15,T+7,4600.81,937.28,0.0,5538.09,Economy,Available,2026-09-08T08:51:44.002156,QP-1301,QP,"{'scraped_at': '2026-09-08T08:51:44.002092', 'source': 'Akasa Air'}"
SpiceJet,airline,DEL-CCU,DEL,CCU,2026-09-15,T+7,5000.19,1188.66,0.0,6188.85,Economy,Available,2026-09-08T08:51:42.963127,SG-8169,SG,"{'scraped_at': '2026-09-08T08:51:42.963107', 'source': 'SpiceJet'}"
Air India Express,airline,DEL-CCU,DEL,CCU,2026-09-15,T+7,4548.14,952.96,0.0,5501.1,Economy,Available,2026-09-08T08:51:44.423367,IX-1422,IX,"{'scraped_at': '2026-09-08T08:51:44.423301', 'source': 'Air India Express'}"
MakeMyTrip,ota,DEL-CCU,DEL,CCU,2026-09-15,T+7,5115.75,975.43,350.0,6441.18,Economy,Available,2026-09-08T08:51:52.122983,6E-204,6E,"{'scraped_at': '2026-09-08T08:51:52.122928', 'source': 'MakeMyTrip'}"
Yatra,ota,DEL-CCU,DEL,CCU,2026-09-15,T+7,4896.32,1033.92,350.0,6280.24,Economy,Available,2026-09-08T08:51:50.016223,AI-506,AI,"{'scraped_at': '2026-09-08T08:51:50.016149', 'source': 'Yatra'}"
EaseMyTrip,ota,DEL-CCU,DEL,CCU,2026-09-15,T+7,5018.25,964.54,0.0,5982.79,Economy,Available,2026-09-08T08:51:42.096876,QP-1102,QP,"{'scraped_at': '2026-09-08T08:51:42.096840', 'source': 'EaseMyTrip'}"
Cleartrip,ota,DEL-CCU,DEL,CCU,2026-09-15,T+7,5184.81,1050.0,350.0,6584.81,Economy,Available,2026-09-08T08:51:43.581281,SG-8101,SG,"{'scraped_at': '2026-09-08T08:51:43.581224', 'source': 'Cleartrip'}"
Ixigo,ota,DEL-CCU,DEL,CCU,2026-09-15,T+7,5152.39,1111.06,350.0,6613.45,Economy,Available,2026-09-08T08:51:42.503007,IX-2841,IX,"{'scraped_at': '2026-09-08T08:51:42.502966', 'source': 'Ixigo'}"
Goibibo,ota,DEL-CCU,DEL,CCU,2026-09-15,T+7,5230.63,944.13,350.0,6524.76,Economy,Available,2026-09-08T08:51:52.337075,6E-6104,6E,"{'scraped_at': '2026-09-08T08:51:52.337010', 'source': 'Goibibo'}"
IndiGo,airline,DEL-CCU,DEL,CCU,2026-09-23,T+15,4365.23,1000.97,0.0,5366.2,Economy,Available,2026-09-08T08:51:52.715736,6E-512,6E,"{'scraped_at': '2026-09-08T08:51:52.715673', 'source': 'IndiGo'}"
Air India,airline,DEL-CCU,DEL,CCU,2026-09-23,T+15,5016.2,960.9,0.0,5977.1,Economy,Available,2026-09-08T08:51:52.157950,AI-805,AI,"{'scraped_at': '2026-09-08T08:51:52.157896', 'source': 'Air India'}"
Akasa Air,airline,DEL-CCU,DEL,CCU,2026-09-23,T+15,4040.91,867.12,0.0,4908.03,Economy,Available,2026-09-08T08:51:42.710478,QP-1301,QP,"{'scraped_at': '2026-09-08T08:51:42.710236', 'source': 'Akasa Air'}"
SpiceJet,airline,DEL-CCU,DEL,CCU,2026-09-23,T+15,4365.32,987.03,0.0,5352.35,Economy,Available,2026-09-08T08:51:43.025460,SG-8169,SG,"{'scraped_at': '2026-09-08T08:51:43.025408', 'source': 'SpiceJet'}"
Air India Express,airline,DEL-CCU,DEL,CCU,2026-09-23,T+15,4221.82,966.82,0.0,5188.64,Economy,Available,2026-09-08T08:51:44.939120,IX-1422,IX,"{'scraped_at': '2026-09-08T08:51:44.939054', 'source': 'Air India Express'}"
MakeMyTrip,ota,DEL-CCU,DEL,CCU,2026-09-23,T+15,4530.55,1072.17,350.0,5952.72,Economy,Available,2026-09-08T08:51:52.204877,6E-204,6E,"{'scraped_at': '2026-09-08T08:51:52.204806', 'source': 'MakeMyTrip'}"
Yatra,ota,DEL-CCU,DEL,CCU,2026-09-23,T+15,4363.14,1021.94,350.0,5735.08,Economy,Available,2026-09-08T08:51:50.183112,AI-506,AI,"{'scraped_at': '2026-09-08T08:51:50.183033', 'source': 'Yatra'}"
EaseMyTrip,ota,DEL-CCU,DEL,CCU,2026-09-23,T+15,4569.17,908.63,0.0,5477.8,Economy,Available,2026-09-08T08:51:42.097135,QP-1102,QP,"{'scraped_at': '2026-09-08T08:51:42.097100', 'source': 'EaseMyTrip'}"
Cleartrip,ota,DEL-CCU,DEL,CCU,2026-09-23,T+15,4431.2,827.01,350.0,5608.21,Economy,Available,2026-09-08T08:51:43.539536,SG-8101,SG,"{'scraped_at': '2026-09-08T08:51:43.539475', 'source': 'Cleartrip'}"
Ixigo,ota,DEL-CCU,DEL,CCU,2026-09-23,T+15,4510.11,1037.82,350.0,5897.93,Economy,Available,2026-09-08T08:51:42.504727,IX-2841,IX,"{'scraped_at': '2026-09-08T08:51:42.504653', 'source': 'Ixigo'}"
Goibibo,ota,DEL-CCU,DEL,CCU,2026-09-23,T+15,4557.39,1055.36,350.0,5962.75,Economy,Available,2026-09-08T08:51:52.745764,6E-6104,6E,"{'scraped_at': '2026-09-08T08:51:52.745693', 'source': 'Goibibo'}"
IndiGo,airline,DEL-CCU,DEL,CCU,2026-10-08,T+30,3886.84,767.04,0.0,4653.88,Economy,Available,2026-09-08T08:51:52.197943,6E-512,6E,"{'scraped_at': '2026-09-08T08:51:52.197881', 'source': 'IndiGo'}"
Air India,airline,DEL-CCU,DEL,CCU,2026-10-08,T+30,4066.53,926.39,0.0,4992.92,Economy,Available,2026-09-08T08:51:52.190301,AI-805,AI,"{'scraped_at': '2026-09-08T08:51:52.190242', 'source': 'Air India'}"
Akasa Air,airline,DEL-CCU,DEL,CCU,2026-10-08,T+30,3553.15,751.55,0.0,4304.7,Economy,Available,2026-09-08T08:51:42.826820,QP-1301,QP,"{'scraped_at': '2026-09-08T08:51:42.825764', 'source': 'Akasa Air'}"
SpiceJet,airline,DEL-CCU,DEL,CCU,2026-10-08,T+30,3876.73,747.07,0.0,4623.8,Economy,Available,2026-09-08T08:51:42.972842,SG-8169,SG,"{'scraped_at': '2026-09-08T08:51:42.972815', 'source': 'SpiceJet'}"
Air India Express,airline,DEL-CCU,DEL,CCU,2026-10-08,T+30,3730.15,803.96,0.0,4534.11,Economy,Available,2026-09-08T08:51:44.709394,IX-1422,IX,"{'scraped_at': '2026-09-08T08:51:44.709332', 'source': 'Air India Express'}"
MakeMyTrip,ota,DEL-CCU,DEL,CCU,2026-10-08,T+30,4007.35,837.96,350.0,5195.31,Economy,Available,2026-09-08T08:51:52.250462,6E-204,6E,"{'scraped_at': '2026-09-08T08:51:52.250407', 'source': 'MakeMyTrip'}"
Yatra,ota,DEL-CCU,DEL,CCU,2026-10-08,T+30,3949.51,939.3,350.0,5238.81,Economy,Available,2026-09-08T08:51:49.930612,AI-506,AI,"{'scraped_at': '2026-09-08T08:51:49.930549', 'source': 'Yatra'}"
EaseMyTrip,ota,DEL-CCU,DEL,CCU,2026-10-08,T+30,3952.94,785.96,0.0,4738.9,Economy,Available,2026-09-08T08:51:42.097565,QP-1102,QP,"{'scraped_at': '2026-09-08T08:51:42.097530', 'source': 'EaseMyTrip'}"
Cleartrip,ota,DEL-CCU,DEL,CCU,2026-10-08,T+30,4142.51,914.86,350.0,5407.37,Economy,Available,2026-09-08T08:51:43.595956,SG-8101,SG,"{'scraped_at': '2026-09-08T08:51:43.595906', 'source': 'Cleartrip'}"
Ixigo,ota,DEL-CCU,DEL,CCU,2026-10-08,T+30,3894.38,759.16,350.0,5003.54,Economy,Available,2026-09-08T08:51:42.504284,IX-2841,IX,"{'scraped_at': '2026-09-08T08:51:42.504211', 'source': 'Ixigo'}"
Goibibo,ota,DEL-CCU,DEL,CCU,2026-10-08,T+30,4033.61,946.06,350.0,5329.67,Economy,Available,2026-09-08T08:51:52.263895,6E-6104,6E,"{'scraped_at': '2026-09-08T08:51:52.263836', 'source': 'Goibibo'}"
IndiGo,airline,DEL-CCU,DEL,CCU,2026-10-23,T+45,3392.67,688.44,0.0,4081.11,Economy,Available,2026-09-08T08:51:52.323267,6E-512,6E,"{'scraped_at': '2026-09-08T08:51:52.323092', 'source': 'IndiGo'}"
Air India,airline,DEL-CCU,DEL,CCU,2026-10-23,T+45,4057.96,939.69,0.0,4997.65,Economy,Available,2026-09-08T08:51:52.725364,AI-805,AI,"{'scraped_at': '2026-09-08T08:51:52.725301', 'source': 'Air India'}"
Akasa Air,airline,DEL-CCU,DEL,CCU,2026-10-23,T+45,3229.79,723.22,0.0,3953.01,Economy,Available,2026-09-08T08:51:42.884781,QP-1301,QP,"{'scraped_at': '2026-09-08T08:51:42.884727', 'source': 'Akasa Air'}"
SpiceJet,airline,DEL-CCU,DEL,CCU,2026-10-23,T+45,3414.31,688.51,0.0,4102.82,Economy,Available,2026-09-08T08:51:43.024899,SG-8169,SG,"{'scraped_at': '2026-09-08T08:51:43.024857', 'source': 'SpiceJet'}"
Air India Express,airline,DEL-CCU,DEL,CCU,2026-10-23,T+45,3416.92,770.3,0.0,4187.22,Economy,Available,2026-09-08T08:51:44.836797,IX-1422,IX,"{'scraped_at': '2026-09-08T08:51:44.836732', 'source': 'Air India Express'}"
MakeMyTrip,ota,DEL-CCU,DEL,CCU,2026-10-23,T+45,3509.8,705.2,350.0,4565.0,Economy,Available,2026-09-08T08:51:52.272052,6E-204,6E,"{'scraped_at': '2026-09-08T08:51:52.271986', 'source': 'MakeMyTrip'}"
Yatra,ota,DEL-CCU,DEL,CCU,2026-10-23,T+45,3822.57,865.19,350.0,5037.76,Economy,Available,2026-09-08T08:51:50.166267,AI-506,AI,"{'scraped_at': '2026-09-08T08:51:50.166214', 'source': 'Yatra'}"
EaseMyTrip,ota,DEL-CCU,DEL,CCU,2026-10-23,T+45,3756.44,831.37,0.0,4587.81,Economy,Available,2026-09-08T08:51:42.098219,QP-1102,QP,"{'scraped_at': '2026-09-08T08:51:42.098175', 'source': 'EaseMyTrip'}"
Cleartrip,ota,DEL-CCU,DEL,CCU,2026-10-23,T+45,3790.52,715.75,350.0,4856.27,Economy,Available,2026-09-08T08:51:43.559580,SG-8101,SG,"{'scraped_at': '2026-09-08T08:51:43.559522', 'source': 'Cleartrip'}"
Ixigo,ota,DEL-CCU,DEL,CCU,2026-10-23,T+45,3464.38,766.18,350.0,4580.56,Economy,Available,2026-09-08T08:51:42.503377,IX-2841,IX,"{'scraped_at': '2026-09-08T08:51:42.503307', 'source': 'Ixigo'}"
Goibibo,ota,DEL-CCU,DEL,CCU,2026-10-23,T+45,3673.05,689.84,350.0,4712.89,Economy,Available,2026-09-08T08:51:52.313870,6E-6104,6E,"{'scraped_at': '2026-09-08T08:51:52.313797', 'source': 'Goibibo'}"
IndiGo,airline,MAA-DEL,MAA,DEL,2026-09-09,T+1,7255.25,1451.43,0.0,8706.68,Economy,Available,2026-09-08T08:51:52.438847,6E-512,6E,"{'scraped_at': '2026-09-08T08:51:52.438794', 'source': 'IndiGo'}"
Air India,airline,MAA-DEL,MAA,DEL,2026-09-09,T+1,8085.49,1465.79,0.0,9551.28,Economy,Available,2026-09-08T08:51:52.753862,AI-805,AI,"{'scraped_at': '2026-09-08T08:51:52.753791', 'source': 'Air India'}"
Akasa Air,airline,MAA-DEL,MAA,DEL,2026-09-09,T+1,6850.23,1642.53,0.0,8492.76,Economy,Available,2026-09-08T08:51:42.578441,QP-1301,QP,"{'scraped_at': '2026-09-08T08:51:42.578347', 'source': 'Akasa Air'}"
SpiceJet,airline,MAA-DEL,MAA,DEL,2026-09-09,T+1,7195.9,1392.75,0.0,8588.65,Economy,Available,2026-09-08T08:51:42.972671,SG-8169,SG,"{'scraped_at': '2026-09-08T08:51:42.972644', 'source': 'SpiceJet'}"
Air India Express,airline,MAA-DEL,MAA,DEL,2026-09-09,T+1,6886.93,1335.4,0.0,8222.33,Economy,Available,2026-09-08T08:51:44.782179,IX-1422,IX,"{'scraped_at': '2026-09-08T08:51:44.782120', 'source': 'Air India Express'}"
MakeMyTrip,ota,MAA-DEL,MAA,DEL,2026-09-09,T+1,7637.57,1467.15,350.0,9454.72,Economy,Available,2026-09-08T08:51:52.398861,6E-204,6E,"{'scraped_at': '2026-09-08T08:51:52.398761', 'source': 'MakeMyTrip'}"
Yatra,ota,MAA-DEL,MAA,DEL,2026-09-09,T+1,8066.28,1452.6,350.0,9868.88,Economy,Available,2026-09-08T08:51:50.251353,AI-506,AI,"{'scraped_at': '2026-09-08T08:51:50.251299', 'source': 'Yatra'}"
EaseMyTrip,ota,MAA-DEL,MAA,DEL,2026-09-09,T+1,7854.27,1492.84,0.0,9347.11,Economy,Available,2026-09-08T08:51:42.096630,QP-1102,QP,"{'scraped_at': '2026-09-08T08:51:42.096573', 'source': 'EaseMyTrip'}"
Cleartrip,ota,MAA-DEL,MAA,DEL,2026-09-09,T+1,7843.98,1539.19,350.0,9733.17,Economy,Available,2026-09-08T08:51:44.010775,SG-8101,SG,"{'scraped_at': '2026-09-08T08:51:44.010711', 'source': 'Cleartrip'}"
Ixigo,ota,MAA-DEL,MAA,DEL,2026-09-09,T+1,7254.4,1547.06,350.0,9151.46,Economy,Available,2026-09-08T08:51:42.503860,IX-2841,IX,"{'scraped_at': '2026-09-08T08:51:42.503777', 'source': 'Ixigo'}"
Goibibo,ota,MAA-DEL,MAA,DEL,2026-09-09,T+1,7484.65,1365.28,350.0,9199.93,Economy,Available,2026-09-08T08:51:52.735680,6E-6104,6E,"{'scraped_at': '2026-09-08T08:51:52.735612', 'source': 'Goibibo'}"
IndiGo,airline,MAA-DEL,MAA,DEL,2026-09-15,T+7,6126.3,1232.64,0.0,7358.94,Economy,Available,2026-09-08T08:51:52.780549,6E-512,6E,"{'scraped_at': '2026-09-08T08:51:52.780469', 'source': 'IndiGo'}"
Air India,airline,MAA-DEL,MAA,DEL,2026-09-15,T+7,6641.97,1514.4,0.0,8156.37,Economy,Available,2026-09-08T08:51:52.484259,AI-805,AI,"{'scraped_at': '2026-09-08T08:51:52.484205', 'source': 'Air India'}"
Akasa Air,airline,MAA-DEL,MAA,DEL,2026-09-15,T+7,5770.6,1076.25,0.0,6846.85,Economy,Available,2026-09-08T08:51:42.819003,QP-1301,QP,"{'scraped_at': '2026-09-08T08:51:42.818969', 'source': 'Akasa Air'}"
SpiceJet,airline,MAA-DEL,MAA,DEL,2026-09-15,T+7,5784.29,1047.92,0.0,6832.21,Economy,Available,2026-09-08T08:51:43.024488,SG-8169,SG,"{'scraped_at': '2026-09-08T08:51:43.024458', 'source': 'SpiceJet'}"
Air India Express,airline,MAA-DEL,MAA,DEL,2026-09-15,T+7,5925.38,1382.93,0.0,7308.31,Economy,Available,2026-09-08T08:51:44.772841,IX-1422,IX,"{'scraped_at': '2026-09-08T08:51:44.772777', 'source': 'Air India Express'}"
MakeMyTrip,ota,MAA-DEL,MAA,DEL,2026-09-15,T+7,5783.91,1271.24,350.0,7405.15,Economy,Available,2026-09-08T08:51:52.295071,6E-204,6E,"{'scraped_at': '2026-09-08T08:51:52.295017', 'source': 'MakeMyTrip'}"
Yatra,ota,MAA-DEL,MAA,DEL,2026-09-15,T+7,6389.36,1442.35,350.0,8181.71,Economy,Available,2026-09-08T08:51:50.236041,AI-506,AI,"{'scraped_at': '2026-09-08T08:51:50.235965', 'source': 'Yatra'}"
EaseMyTrip,ota,MAA-DEL,MAA,DEL,2026-09-15,T+7,5768.53,1069.09,0.0,6837.62,Economy,Available,2026-09-08T08:51:42.097355,QP-1102,QP,"{'scraped_at': '2026-09-08T08:51:42.097319', 'source': 'EaseMyTrip'}"
Cleartrip,ota,MAA-DEL,MAA,DEL,2026-09-15,T+7,6161.21,1148.88,350.0,7660.09,Economy,Available,2026-09-08T08:51:43.555380,SG-8101,SG,"{'scraped_at': '2026-09-08T08:51:43.555311', 'source': 'Cleartrip'}"
Ixigo,ota,MAA-DEL,MAA,DEL,2026-09-15,T+7,5844.85,1252.78,350.0,7447.63,Economy,Available,2026-09-08T08:51:42.507671,IX-2841,IX,"{'scraped_at': '2026-09-08T08:51:42.507620', 'source': 'Ixigo'}"
Goibibo,ota,MAA-DEL,MAA,DEL,2026-09-15,T+7,5849.5,1347.48,350.0,7546.98,Economy,Available,2026-09-08T08:51:52.360728,6E-6104,6E,"{'scraped_at': '2026-09-08T08:51:52.360675', 'source': 'Goibibo'}"
IndiGo,airline,MAA-DEL,MAA,DEL,2026-09-23,T+15,5016.43,905.77,0.0,5922.2,Economy,Available,2026-09-08T08:51:52.429037,6E-512,6E,"{'scraped_at': '2026-09-08T08:51:52.428983', 'source': 'IndiGo'}"
Air India,airline,MAA-DEL,MAA,DEL,2026-09-23,T+15,5863.05,1125.89,0.0,6988.94,Economy,Available,2026-09-08T08:51:52.912532,AI-805,AI,"{'scraped_at': '2026-09-08T08:51:52.912469', 'source': 'Air India'}"
Akasa Air,airline,MAA-DEL,MAA,DEL,2026-09-23,T+15,4741.52,911.46,0.0,5652.98,Economy,Available,2026-09-08T08:51:42.885090,QP-1301,QP,"{'scraped_at': '2026-09-08T08:51:42.885041', 'source': 'Akasa Air'}"
SpiceJet,airline,MAA-DEL,MAA,DEL,2026-09-23,T+15,4928.1,1077.31,0.0,6005.41,Economy,Available,2026-09-08T08:51:43.024004,SG-8169,SG,"{'scraped_at': '2026-09-08T08:51:43.023940', 'source': 'SpiceJet'}"
Air India Express,airline,MAA-DEL,MAA,DEL,2026-09-23,T+15,5012.01,1156.7,0.0,6168.71,Economy,Available,2026-09-08T08:51:44.689749,IX-1422,IX,"{'scraped_at': '2026-09-08T08:51:44.689711', 'source': 'Air India Express'}"
MakeMyTrip,ota,MAA-DEL,MAA,DEL,2026-09-23,T+15,5179.81,1151.25,350.0,6681.06,Economy,Available,2026-09-08T08:51:52.507619,6E-204,6E,"{'scraped_at': '2026-09-08T08:51:52.507552', 'source': 'MakeMyTrip'}"
Yatra,ota,MAA-DEL,MAA,DEL,2026-09-23,T+15,5344.51,1252.0,350.0,6946.51,Economy,Available,2026-09-08T08:51:50.143822,AI-506,AI,"{'scraped_at': '2026-09-08T08:51:50.143745', 'source': 'Yatra'}"
EaseMyTrip,ota,MAA-DEL,MAA,DEL,2026-09-23,T+15,5322.15,1268.67,0.0,6590.82,Economy,Available,2026-09-08T08:51:42.198498,QP-1102,QP,"{'scraped_at': '2026-09-08T08:51:42.198452', 'source': 'EaseMyTrip'}"
Cleartrip,ota,MAA-DEL,MAA,DEL,2026-09-23,T+15,5291.86,1134.83,350.0,6776.69,Economy,Available,2026-09-08T08:51:43.595636,SG-8101,SG,"{'scraped_at': '2026-09-08T08:51:43.595572', 'source': 'Cleartrip'}"
Ixigo,ota,MAA-DEL,MAA,DEL,2026-09-23,T+15,5420.86,1014.24,350.0,6785.1,Economy,Available,2026-09-08T08:51:42.505616,IX-2841,IX,"{'scraped_at': '2026-09-08T08:51:42.505539', 'source': 'Ixigo'}"
Goibibo,ota,MAA-DEL,MAA,DEL,2026-09-23,T+15,5139.28,978.62,350.0,6467.9,Economy,Available,2026-09-08T08:51:52.518285,6E-6104,6E,"{'scraped_at': '2026-09-08T08:51:52.518222', 'source': 'Goibibo'}"
IndiGo,airline,MAA-DEL,MAA,DEL,2026-10-08,T+30,4603.94,927.46,0.0,5531.4,Economy,Available,2026-09-08T08:51:52.236111,6E-512,6E,"{'scraped_at': '2026-09-08T08:51:52.236029', 'source': 'IndiGo'}"
Air India,airline,MAA-DEL,MAA,DEL,2026-10-08,T+30,5297.06,986.77,0.0,6283.83,Economy,Available,2026-09-08T08:51:52.280898,AI-805,AI,"{'scraped_at': '2026-09-08T08:51:52.280844', 'source': 'Air India'}"
Akasa Air,airline,MAA-DEL,MAA,DEL,2026-10-08,T+30,4300.3,989.06,0.0,5289.36,Economy,Available,2026-09-08T08:51:42.817849,QP-1301,QP,"{'scraped_at': '2026-09-08T08:51:42.817811', 'source': 'Akasa Air'}"
SpiceJet,airline,MAA-DEL,MAA,DEL,2026-10-08,T+30,4274.22,987.48,0.0,5261.7,Economy,Available,2026-09-08T08:51:43.030240,SG-8169,SG,"{'scraped_at': '2026-09-08T08:51:43.030217', 'source': 'SpiceJet'}"
Air India Express,airline,MAA-DEL,MAA,DEL,2026-10-08,T+30,4489.7,828.47,0.0,5318.17,Economy,Available,2026-09-08T08:51:44.798121,IX-1422,IX,"{'scraped_at': '2026-09-08T08:51:44.798049', 'source': 'Air India Express'}"
MakeMyTrip,ota,MAA-DEL,MAA,DEL,2026-10-08,T+30,4867.77,1122.74,350.0,6340.51,Economy,Available,2026-09-08T08:51:52.450219,6E-204,6E,"{'scraped_at': '2026-09-08T08:51:52.450165', 'source': 'MakeMyTrip'}"
Yatra,ota,MAA-DEL,MAA,DEL,2026-10-08,T+30,4874.23,887.54,350.0,6111.77,Economy,Available,2026-09-08T08:51:50.347554,AI-506,AI,"{'scraped_at': '2026-09-08T08:51:50.347484', 'source': 'Yatra'}"
EaseMyTrip,ota,MAA-DEL,MAA,DEL,2026-10-08,T+30,4386.32,808.54,0.0,5194.86,Economy,Available,2026-09-08T08:51:42.099994,QP-1102,QP,"{'scraped_at': '2026-09-08T08:51:42.099932', 'source': 'EaseMyTrip'}"
Cleartrip,ota,MAA-DEL,MAA,DEL,2026-10-08,T+30,4812.69,1085.97,350.0,6248.66,Economy,Available,2026-09-08T08:51:43.745301,SG-8101,SG,"{'scraped_at': '2026-09-08T08:51:43.745241', 'source': 'Cleartrip'}"
Ixigo,ota,MAA-DEL,MAA,DEL,2026-10-08,T+30,4582.62,980.91,350.0,5913.53,Economy,Available,2026-09-08T08:51:42.506413,IX-2841,IX,"{'scraped_at': '2026-09-08T08:51:42.506357', 'source': 'Ixigo'}"
Goibibo,ota,MAA-DEL,MAA,DEL,2026-10-08,T+30,4814.75,1037.82,350.0,6202.57,Economy,Available,2026-09-08T08:51:53.136099,6E-6104,6E,"{'scraped_at': '2026-09-08T08:51:53.136032', 'source': 'Goibibo'}"
IndiGo,airline,MAA-DEL,MAA,DEL,2026-10-23,T+45,4117.86,790.05,0.0,4907.91,Economy,Available,2026-09-08T08:51:52.931765,6E-512,6E,"{'scraped_at': '2026-09-08T08:51:52.931706', 'source': 'IndiGo'}"
Air India,airline,MAA-DEL,MAA,DEL,2026-10-23,T+45,4764.83,899.71,0.0,5664.54,Economy,Available,2026-09-08T08:51:52.417669,AI-805,AI,"{'scraped_at': '2026-09-08T08:51:52.417614', 'source': 'Air India'}"
Akasa Air,airline,MAA-DEL,MAA,DEL,2026-10-23,T+45,4174.79,852.28,0.0,5027.07,Economy,Available,2026-09-08T08:51:42.506721,QP-1301,QP,"{'scraped_at': '2026-09-08T08:51:42.506675', 'source': 'Akasa Air'}"
SpiceJet,airline,MAA-DEL,MAA,DEL,2026-10-23,T+45,4028.87,888.35,0.0,4917.22,Economy,Available,2026-09-08T08:51:43.024673,SG-8169,SG,"{'scraped_at': '2026-09-08T08:51:43.024644', 'source': 'SpiceJet'}"
Air India Express,airline,MAA-DEL,MAA,DEL,2026-10-23,T+45,4205.98,990.21,0.0,5196.19,Economy,Available,2026-09-08T08:51:44.802189,IX-1422,IX,"{'scraped_at': '2026-09-08T08:51:44.802128', 'source': 'Air India Express'}"
MakeMyTrip,ota,MAA-DEL,MAA,DEL,2026-10-23,T+45,4476.46,1070.68,350.0,5897.14,Economy,Available,2026-09-08T08:51:52.379728,6E-204,6E,"{'scraped_at': '2026-09-08T08:51:52.379656', 'source': 'MakeMyTrip'}"
Yatra,ota,MAA-DEL,MAA,DEL,2026-10-23,T+45,4500.14,914.7,350.0,5764.84,Economy,Available,2026-09-08T08:51:50.213817,AI-506,AI,"{'scraped_at': '2026-09-08T08:51:50.213762', 'source': 'Yatra'}"
EaseMyTrip,ota,MAA-DEL,MAA,DEL,2026-10-23,T+45,4113.92,771.1,0.0,4885.02,Economy,Available,2026-09-08T08:51:42.096247,QP-1102,QP,"{'scraped_at': '2026-09-08T08:51:42.096161', 'source': 'EaseMyTrip'}"
Cleartrip,ota,MAA-DEL,MAA,DEL,2026-10-23,T+45,4642.42,856.57,350.0,5848.99,Economy,Available,2026-09-08T08:51:43.744475,SG-8101,SG,"{'scraped_at': '2026-09-08T08:51:43.744407', 'source': 'Cleartrip'}"
Ixigo,ota,MAA-DEL,MAA,DEL,2026-10-23,T+45,4496.43,937.42,350.0,5783.85,Economy,Available,2026-09-08T08:51:42.507001,IX-2841,IX,"{'scraped_at': '2026-09-08T08:51:42.506955', 'source': 'Ixigo'}"
Goibibo,ota,MAA-DEL,MAA,DEL,2026-10-23,T+45,4393.29,811.67,350.0,5554.96,Economy,Available,2026-09-08T08:51:52.497883,6E-6104,6E,"{'scraped_at': '2026-09-08T08:51:52.497830', 'source': 'Goibibo'}"
IndiGo,airline,BOM-GOI,BOM,GOI,2026-09-09,T+1,3794.6,688.62,0.0,4483.22,Economy,Available,2026-09-08T08:51:52.852107,6E-512,6E,"{'scraped_at': '2026-09-08T08:51:52.852037', 'source': 'IndiGo'}"
Air India,airline,BOM-GOI,BOM,GOI,2026-09-09,T+1,4217.84,970.14,0.0,5187.98,Economy,Available,2026-09-08T08:51:52.468046,AI-805,AI,"{'scraped_at': '2026-09-08T08:51:52.467972', 'source': 'Air India'}"
Akasa Air,airline,BOM-GOI,BOM,GOI,2026-09-09,T+1,3629.52,768.18,0.0,4397.7,Economy,Available,2026-09-08T08:51:43.103719,QP-1301,QP,"{'scraped_at': '2026-09-08T08:51:43.103652', 'source': 'Akasa Air'}"
SpiceJet,airline,BOM-GOI,BOM,GOI,2026-09-09,T+1,3801.31,694.89,0.0,4496.2,Economy,Available,2026-09-08T08:51:42.973214,SG-8169,SG,"{'scraped_at': '2026-09-08T08:51:42.973189', 'source': 'SpiceJet'}"
Air India Express,airline,BOM-GOI,BOM,GOI,2026-09-09,T+1,3792.53,802.59,0.0,4595.12,Economy,Available,2026-09-08T08:51:44.861851,IX-1422,IX,"{'scraped_at': '2026-09-08T08:51:44.861788', 'source': 'Air India Express'}"
MakeMyTrip,ota,BOM-GOI,BOM,GOI,2026-09-09,T+1,3957.0,837.64,350.0,5144.64,Economy,Available,2026-09-08T08:51:53.010025,6E-204,6E,"{'scraped_at': '2026-09-08T08:51:53.009857', 'source': 'MakeMyTrip'}"
Yatra,ota,BOM-GOI,BOM,GOI,2026-09-09,T+1,4116.67,946.99,350.0,5413.66,Economy,Available,2026-09-08T08:51:50.107188,AI-506,AI,"{'scraped_at': '2026-09-08T08:51:50.107113', 'source': 'Yatra'}"
EaseMyTrip,ota,BOM-GOI,BOM,GOI,2026-09-09,T+1,3875.8,793.81,0.0,4669.61,Economy,Available,2026-09-08T08:51:42.198968,QP-1102,QP,"{'scraped_at': '2026-09-08T08:51:42.198936', 'source': 'EaseMyTrip'}"
Cleartrip,ota,BOM-GOI,BOM,GOI,2026-09-09,T+1,4131.0,805.66,350.0,5286.66,Economy,Available,2026-09-08T08:51:43.576444,SG-8101,SG,"{'scraped_at': '2026-09-08T08:51:43.576390', 'source': 'Cleartrip'}"
Ixigo,ota,BOM-GOI,BOM,GOI,2026-09-09,T+1,4088.94,782.49,350.0,5221.43,Economy,Available,2026-09-08T08:51:42.507363,IX-2841,IX,"{'scraped_at': '2026-09-08T08:51:42.507305', 'source': 'Ixigo'}"
Goibibo,ota,BOM-GOI,BOM,GOI,2026-09-09,T+1,4039.51,791.67,350.0,5181.18,Economy,Available,2026-09-08T08:51:52.768784,6E-6104,6E,"{'scraped_at': '2026-09-08T08:51:52.768718', 'source': 'Goibibo'}"
IndiGo,airline,BOM-GOI,BOM,GOI,2026-09-15,T+7,3162.82,627.59,0.0,3790.41,Economy,Available,2026-09-08T08:51:52.534722,6E-512,6E,"{'scraped_at': '2026-09-08T08:51:52.534670', 'source': 'IndiGo'}"
Air India,airline,BOM-GOI,BOM,GOI,2026-09-15,T+7,3562.83,657.93,0.0,4220.76,Economy,Available,2026-09-08T08:51:53.126151,AI-805,AI,"{'scraped_at': '2026-09-08T08:51:53.126075', 'source': 'Air India'}"
Akasa Air,airline,BOM-GOI,BOM,GOI,2026-09-15,T+7,2922.96,613.31,0.0,3536.27,Economy,Available,2026-09-08T08:51:43.059690,QP-1301,QP,"{'scraped_at': '2026-09-08T08:51:43.059626', 'source': 'Akasa Air'}"
SpiceJet,airline,BOM-GOI,BOM,GOI,2026-09-15,T+7,3118.51,647.69,0.0,3766.2,Economy,Available,2026-09-08T08:51:43.025865,SG-8169,SG,"{'scraped_at': '2026-09-08T08:51:43.025833', 'source': 'SpiceJet'}"
Air India Express,airline,BOM-GOI,BOM,GOI,2026-09-15,T+7,2947.12,629.19,0.0,3576.31,Economy,Available,2026-09-08T08:51:44.845197,IX-1422,IX,"{'scraped_at': '2026-09-08T08:51:44.845146', 'source': 'Air India Express'}"
MakeMyTrip,ota,BOM-GOI,BOM,GOI,2026-09-15,T+7,3240.7,613.07,350.0,4203.77,Economy,Available,2026-09-08T08:51:52.842154,6E-204,6E,"{'scraped_at': '2026-09-08T08:51:52.842082', 'source': 'MakeMyTrip'}"
Yatra,ota,BOM-GOI,BOM,GOI,2026-09-15,T+7,3083.81,558.96,350.0,3992.77,Economy,Available,2026-09-08T08:51:50.381410,AI-506,AI,"{'scraped_at': '2026-09-08T08:51:50.381255', 'source': 'Yatra'}"
EaseMyTrip,ota,BOM-GOI,BOM,GOI,2026-09-15,T+7,3091.35,689.74,0.0,3781.09,Economy,Available,2026-09-08T08:51:42.098847,QP-1102,QP,"{'scraped_at': '2026-09-08T08:51:42.098805', 'source': 'EaseMyTrip'}"
Cleartrip,ota,BOM-GOI,BOM,GOI,2026-09-15,T+7,3291.22,730.28,350.0,4371.5,Economy,Available,2026-09-08T08:51:43.578764,SG-8101,SG,"{'scraped_at': '2026-09-08T08:51:43.578711', 'source': 'Cleartrip'}"
Ixigo,ota,BOM-GOI,BOM,GOI,2026-09-15,T+7,3073.61,633.75,350.0,4057.36,Economy,Available,2026-09-08T08:51:42.711669,IX-2841,IX,"{'scraped_at': '2026-09-08T08:51:42.711590', 'source': 'Ixigo'}"
Goibibo,ota,BOM-GOI,BOM,GOI,2026-09-15,T+7,3122.72,678.89,350.0,4151.61,Economy,Available,2026-09-08T08:51:52.920988,6E-6104,6E,"{'scraped_at': '2026-09-08T08:51:52.920934', 'source': 'Goibibo'}"
IndiGo,airline,BOM-GOI,BOM,GOI,2026-09-23,T+15,2749.58,599.7,0.0,3349.28,Economy,Available,2026-09-08T08:51:52.832149,6E-512,6E,"{'scraped_at': '2026-09-08T08:51:52.832082', 'source': 'IndiGo'}"
Air India,airline,BOM-GOI,BOM,GOI,2026-09-23,T+15,3055.56,562.68,0.0,3618.24,Economy,Available,2026-09-08T08:51:53.114408,AI-805,AI,"{'scraped_at': '2026-09-08T08:51:53.114342', 'source': 'Air India'}"
Akasa Air,airline,BOM-GOI,BOM,GOI,2026-09-23,T+15,2533.34,458.06,0.0,2991.4,Economy,Available,2026-09-08T08:51:43.054654,QP-1301,QP,"{'scraped_at': '2026-09-08T08:51:43.054598', 'source': 'Akasa Air'}"
SpiceJet,airline,BOM-GOI,BOM,GOI,2026-09-23,T+15,2587.38,515.31,0.0,3102.69,Economy,Available,2026-09-08T08:51:43.030396,SG-8169,SG,"{'scraped_at': '2026-09-08T08:51:43.030368', 'source': 'SpiceJet'}"
Air India Express,airline,BOM-GOI,BOM,GOI,2026-09-23,T+15,2651.35,608.33,0.0,3259.68,Economy,Available,2026-09-08T08:51:44.856511,IX-1422,IX,"{'scraped_at': '2026-09-08T08:51:44.856444', 'source': 'Air India Express'}"
MakeMyTrip,ota,BOM-GOI,BOM,GOI,2026-09-23,T+15,2790.72,523.62,350.0,3664.34,Economy,Available,2026-09-08T08:51:52.989400,6E-204,6E,"{'scraped_at': '2026-09-08T08:51:52.989331', 'source': 'MakeMyTrip'}"
Yatra,ota,BOM-GOI,BOM,GOI,2026-09-23,T+15,2806.32,559.47,350.0,3715.79,Economy,Available,2026-09-08T08:51:50.321444,AI-506,AI,"{'scraped_at': '2026-09-08T08:51:50.321388', 'source': 'Yatra'}"
EaseMyTrip,ota,BOM-GOI,BOM,GOI,2026-09-23,T+15,2665.35,500.71,0.0,3166.06,Economy,Available,2026-09-08T08:51:42.099419,QP-1102,QP,"{'scraped_at': '2026-09-08T08:51:42.099383', 'source': 'EaseMyTrip'}"
Cleartrip,ota,BOM-GOI,BOM,GOI,2026-09-23,T+15,2874.35,521.64,350.0,3745.99,Economy,Available,2026-09-08T08:51:43.898034,SG-8101,SG,"{'scraped_at': '2026-09-08T08:51:43.897985', 'source': 'Cleartrip'}"
Ixigo,ota,BOM-GOI,BOM,GOI,2026-09-23,T+15,2767.81,656.27,350.0,3774.08,Economy,Available,2026-09-08T08:51:42.711080,IX-2841,IX,"{'scraped_at': '2026-09-08T08:51:42.711004', 'source': 'Ixigo'}"
Goibibo,ota,BOM-GOI,BOM,GOI,2026-09-23,T+15,2685.09,532.4,350.0,3567.49,Economy,Available,2026-09-08T08:51:52.895150,6E-6104,6E,"{'scraped_at': '2026-09-08T08:51:52.895079', 'source': 'Goibibo'}"
IndiGo,airline,BOM-GOI,BOM,GOI,2026-10-08,T+30,2308.83,513.03,0.0,2821.86,Economy,Available,2026-09-08T08:51:52.880533,6E-512,6E,"{'scraped_at': '2026-09-08T08:51:52.880481', 'source': 'IndiGo'}"
Air India,airline,BOM-GOI,BOM,GOI,2026-10-08,T+30,2698.83,625.93,0.0,3324.76,Economy,Available,2026-09-08T08:51:52.902859,AI-805,AI,"{'scraped_at': '2026-09-08T08:51:52.902804', 'source': 'Air India'}"
Akasa Air,airline,BOM-GOI,BOM,GOI,2026-10-08,T+30,2342.78,508.82,0.0,2851.6,Economy,Available,2026-09-08T08:51:42.885509,QP-1301,QP,"{'scraped_at': '2026-09-08T08:51:42.885447', 'source': 'Akasa Air'}"
SpiceJet,airline,BOM-GOI,BOM,GOI,2026-10-08,T+30,2227.21,467.04,0.0,2694.25,Economy,Available,2026-09-08T08:51:43.091587,SG-8169,SG,"{'scraped_at': '2026-09-08T08:51:43.091536', 'source': 'SpiceJet'}"
Air India Express,airline,BOM-GOI,BOM,GOI,2026-10-08,T+30,2241.59,520.35,0.0,2761.94,Economy,Available,2026-09-08T08:51:44.997864,IX-1422,IX,"{'scraped_at': '2026-09-08T08:51:44.997785', 'source': 'Air India Express'}"
MakeMyTrip,ota,BOM-GOI,BOM,GOI,2026-10-08,T+30,2527.16,579.29,350.0,3456.45,Economy,Available,2026-09-08T08:51:53.021071,6E-204,6E,"{'scraped_at': '2026-09-08T08:51:53.020994', 'source': 'MakeMyTrip'}"
Yatra,ota,BOM-GOI,BOM,GOI,2026-10-08,T+30,2558.5,567.58,350.0,3476.08,Economy,Available,2026-09-08T08:51:50.292450,AI-506,AI,"{'scraped_at': '2026-09-08T08:51:50.292383', 'source': 'Yatra'}"
EaseMyTrip,ota,BOM-GOI,BOM,GOI,2026-10-08,T+30,2384.63,566.3,0.0,2950.93,Economy,Available,2026-09-08T08:51:42.098609,QP-1102,QP,"{'scraped_at': '2026-09-08T08:51:42.098560', 'source': 'EaseMyTrip'}"
Cleartrip,ota,BOM-GOI,BOM,GOI,2026-10-08,T+30,2552.03,520.83,350.0,3422.86,Economy,Available,2026-09-08T08:51:43.876370,SG-8101,SG,"{'scraped_at': '2026-09-08T08:51:43.876316', 'source': 'Cleartrip'}"
Ixigo,ota,BOM-GOI,BOM,GOI,2026-10-08,T+30,2368.81,550.11,350.0,3268.92,Economy,Available,2026-09-08T08:51:42.832195,IX-2841,IX,"{'scraped_at': '2026-09-08T08:51:42.832114', 'source': 'Ixigo'}"
Goibibo,ota,BOM-GOI,BOM,GOI,2026-10-08,T+30,2466.43,549.23,350.0,3365.66,Economy,Available,2026-09-08T08:51:52.887685,6E-6104,6E,"{'scraped_at': '2026-09-08T08:51:52.887631', 'source': 'Goibibo'}"
IndiGo,airline,BOM-GOI,BOM,GOI,2026-10-23,T+45,2251.09,489.28,0.0,2740.37,Economy,Available,2026-09-08T08:51:52.815921,6E-512,6E,"{'scraped_at': '2026-09-08T08:51:52.815857', 'source': 'IndiGo'}"
Air India,airline,BOM-GOI,BOM,GOI,2026-10-23,T+45,2483.11,561.7,0.0,3044.81,Economy,Available,2026-09-08T08:51:52.861717,AI-805,AI,"{'scraped_at': '2026-09-08T08:51:52.861648', 'source': 'Air India'}"
Akasa Air,airline,BOM-GOI,BOM,GOI,2026-10-23,T+45,2111.08,384.79,0.0,2495.87,Economy,Available,2026-09-08T08:51:42.884450,QP-1301,QP,"{'scraped_at': '2026-09-08T08:51:42.884392', 'source': 'Akasa Air'}"
SpiceJet,airline,BOM-GOI,BOM,GOI,2026-10-23,T+45,2168.28,423.17,0.0,2591.45,Economy,Available,2026-09-08T08:51:43.026154,SG-8169,SG,"{'scraped_at': '2026-09-08T08:51:43.026109', 'source': 'SpiceJet'}"
Air India Express,airline,BOM-GOI,BOM,GOI,2026-10-23,T+45,2031.76,482.18,0.0,2513.94,Economy,Available,2026-09-08T08:51:44.821495,IX-1422,IX,"{'scraped_at': '2026-09-08T08:51:44.821431', 'source': 'Air India Express'}"
MakeMyTrip,ota,BOM-GOI,BOM,GOI,2026-10-23,T+45,2154.72,447.41,350.0,2952.13,Economy,Available,2026-09-08T08:51:53.078144,6E-204,6E,"{'scraped_at': '2026-09-08T08:51:53.078068', 'source': 'MakeMyTrip'}"
Yatra,ota,BOM-GOI,BOM,GOI,2026-10-23,T+45,2368.3,454.5,350.0,3172.8,Economy,Available,2026-09-08T08:51:50.449495,AI-506,AI,"{'scraped_at': '2026-09-08T08:51:50.449424', 'source': 'Yatra'}"
EaseMyTrip,ota,BOM-GOI,BOM,GOI,2026-10-23,T+45,2319.49,498.16,0.0,2817.65,Economy,Available,2026-09-08T08:51:42.199214,QP-1102,QP,"{'scraped_at': '2026-09-08T08:51:42.199185', 'source': 'EaseMyTrip'}"
Cleartrip,ota,BOM-GOI,BOM,GOI,2026-10-23,T+45,2385.28,541.88,350.0,3277.16,Economy,Available,2026-09-08T08:51:43.875899,SG-8101,SG,"{'scraped_at': '2026-09-08T08:51:43.875835', 'source': 'Cleartrip'}"
Ixigo,ota,BOM-GOI,BOM,GOI,2026-10-23,T+45,2161.45,397.88,350.0,2909.33,Economy,Available,2026-09-08T08:51:42.817573,IX-2841,IX,"{'scraped_at': '2026-09-08T08:51:42.817504', 'source': 'Ixigo'}"
Goibibo,ota,BOM-GOI,BOM,GOI,2026-10-23,T+45,2257.84,453.28,350.0,3061.12,Economy,Available,2026-09-08T08:51:53.147348,6E-6104,6E,"{'scraped_at': '2026-09-08T08:51:53.147292', 'source': 'Goibibo'}"
IndiGo,airline,BLR-HYD,BLR,HYD,2026-09-09,T+1,3693.56,841.41,0.0,4534.97,Economy,Available,2026-09-08T08:51:53.153508,6E-512,6E,"{'scraped_at': '2026-09-08T08:51:53.153436', 'source': 'IndiGo'}"
Air India,airline,BLR-HYD,BLR,HYD,2026-09-09,T+1,4267.33,932.22,0.0,5199.55,Economy,Available,2026-09-08T08:51:53.067984,AI-805,AI,"{'scraped_at': '2026-09-08T08:51:53.067914', 'source': 'Air India'}"
Akasa Air,airline,BLR-HYD,BLR,HYD,2026-09-09,T+1,3467.8,730.56,0.0,4198.36,Economy,Available,2026-09-08T08:51:43.024281,QP-1301,QP,"{'scraped_at': '2026-09-08T08:51:43.024243', 'source': 'Akasa Air'}"
SpiceJet,airline,BLR-HYD,BLR,HYD,2026-09-09,T+1,3434.84,740.8,0.0,4175.64,Economy,Available,2026-09-08T08:51:43.025694,SG-8169,SG,"{'scraped_at': '2026-09-08T08:51:43.025672', 'source': 'SpiceJet'}"
Air India Express,airline,BLR-HYD,BLR,HYD,2026-09-09,T+1,3283.63,689.97,0.0,3973.6,Economy,Available,2026-09-08T08:51:44.814285,IX-1422,IX,"{'scraped_at': '2026-09-08T08:51:44.814220', 'source': 'Air India Express'}"
MakeMyTrip,ota,BLR-HYD,BLR,HYD,2026-09-09,T+1,3689.03,850.31,350.0,4889.34,Economy,Available,2026-09-08T08:51:53.055597,6E-204,6E,"{'scraped_at': '2026-09-08T08:51:53.055526', 'source': 'MakeMyTrip'}"
Yatra,ota,BLR-HYD,BLR,HYD,2026-09-09,T+1,3580.82,810.4,350.0,4741.22,Economy,Available,2026-09-08T08:51:50.425665,AI-506,AI,"{'scraped_at': '2026-09-08T08:51:50.425597', 'source': 'Yatra'}"
EaseMyTrip,ota,BLR-HYD,BLR,HYD,2026-09-09,T+1,3549.15,849.68,0.0,4398.83,Economy,Available,2026-09-08T08:51:42.099150,QP-1102,QP,"{'scraped_at': '2026-09-08T08:51:42.099099', 'source': 'EaseMyTrip'}"
Cleartrip,ota,BLR-HYD,BLR,HYD,2026-09-09,T+1,3850.85,701.64,350.0,4902.49,Economy,Available,2026-09-08T08:51:43.538889,SG-8101,SG,"{'scraped_at': '2026-09-08T08:51:43.538811', 'source': 'Cleartrip'}"
Ixigo,ota,BLR-HYD,BLR,HYD,2026-09-09,T+1,3839.9,724.22,350.0,4914.12,Economy,Available,2026-09-08T08:51:42.714188,IX-2841,IX,"{'scraped_at': '2026-09-08T08:51:42.713887', 'source': 'Ixigo'}"
Goibibo,ota,BLR-HYD,BLR,HYD,2026-09-09,T+1,3601.97,773.53,350.0,4725.5,Economy,Available,2026-09-08T08:51:53.032013,6E-6104,6E,"{'scraped_at': '2026-09-08T08:51:53.031922', 'source': 'Goibibo'}"
IndiGo,airline,BLR-HYD,BLR,HYD,2026-09-15,T+7,2897.16,574.06,0.0,3471.22,Economy,Available,2026-09-08T08:51:52.957686,6E-512,6E,"{'scraped_at': '2026-09-08T08:51:52.957632', 'source': 'IndiGo'}"
Air India,airline,BLR-HYD,BLR,HYD,2026-09-15,T+7,3199.67,657.52,0.0,3857.19,Economy,Available,2026-09-08T08:51:52.978294,AI-805,AI,"{'scraped_at': '2026-09-08T08:51:52.978223', 'source': 'Air India'}"
Akasa Air,airline,BLR-HYD,BLR,HYD,2026-09-15,T+7,2644.97,608.37,0.0,3253.34,Economy,Available,2026-09-08T08:51:43.030031,QP-1301,QP,"{'scraped_at': '2026-09-08T08:51:43.030003', 'source': 'Akasa Air'}"
SpiceJet,airline,BLR-HYD,BLR,HYD,2026-09-15,T+7,2796.46,506.71,0.0,3303.17,Economy,Available,2026-09-08T08:51:43.090699,SG-8169,SG,"{'scraped_at': '2026-09-08T08:51:43.090645', 'source': 'SpiceJet'}"
Air India Express,airline,BLR-HYD,BLR,HYD,2026-09-15,T+7,2623.75,529.42,0.0,3153.17,Economy,Available,2026-09-08T08:51:44.748745,IX-1422,IX,"{'scraped_at': '2026-09-08T08:51:44.748640', 'source': 'Air India Express'}"
MakeMyTrip,ota,BLR-HYD,BLR,HYD,2026-09-15,T+7,2997.36,703.88,350.0,4051.24,Economy,Available,2026-09-08T08:51:52.798860,6E-204,6E,"{'scraped_at': '2026-09-08T08:51:52.798783', 'source': 'MakeMyTrip'}"
Yatra,ota,BLR-HYD,BLR,HYD,2026-09-15,T+7,2832.55,523.66,350.0,3706.21,Economy,Available,2026-09-08T08:51:50.537401,AI-506,AI,"{'scraped_at': '2026-09-08T08:51:50.537342', 'source': 'Yatra'}"
EaseMyTrip,ota,BLR-HYD,BLR,HYD,2026-09-15,T+7,2785.05,610.61,0.0,3395.66,Economy,Available,2026-09-08T08:51:42.199782,QP-1102,QP,"{'scraped_at': '2026-09-08T08:51:42.199748', 'source': 'EaseMyTrip'}"
Cleartrip,ota,BLR-HYD,BLR,HYD,2026-09-15,T+7,3076.77,690.12,350.0,4116.89,Economy,Available,2026-09-08T08:51:43.898215,SG-8101,SG,"{'scraped_at': '2026-09-08T08:51:43.898194', 'source': 'Cleartrip'}"
Ixigo,ota,BLR-HYD,BLR,HYD,2026-09-15,T+7,3036.4,668.57,350.0,4054.97,Economy,Available,2026-09-08T08:51:42.372125,IX-2841,IX,"{'scraped_at': '2026-09-08T08:51:42.372048', 'source': 'Ixigo'}"
Goibibo,ota,BLR-HYD,BLR,HYD,2026-09-15,T+7,3057.42,680.48,350.0,4087.9,Economy,Available,2026-09-08T08:51:53.089818,6E-6104,6E,"{'scraped_at': '2026-09-08T08:51:53.089743', 'source': 'Goibibo'}"
IndiGo,airline,BLR-HYD,BLR,HYD,2026-09-23,T+15,2443.75,574.44,0.0,3018.19,Economy,Available,2026-09-08T08:51:51.850106,6E-512,6E,"{'scraped_at': '2026-09-08T08:51:51.850049', 'source': 'IndiGo'}"
Air India,airline,BLR-HYD,BLR,HYD,2026-09-23,T+15,2707.09,634.23,0.0,3341.32,Economy,Available,2026-09-08T08:51:53.101562,AI-805,AI,"{'scraped_at': '2026-09-08T08:51:53.101495', 'source': 'Air India'}"
Akasa Air,airline,BLR-HYD,BLR,HYD,2026-09-23,T+15,2291.68,479.98,0.0,2771.66,Economy,Available,2026-09-08T08:51:42.971909,QP-1301,QP,"{'scraped_at': '2026-09-08T08:51:42.971847', 'source': 'Akasa Air'}"
SpiceJet,airline,BLR-HYD,BLR,HYD,2026-09-23,T+15,2421.29,478.13,0.0,2899.42,Economy,Available,2026-09-08T08:51:42.984816,SG-8169,SG,"{'scraped_at': '2026-09-08T08:51:42.984774', 'source': 'SpiceJet'}"
Air India Express,airline,BLR-HYD,BLR,HYD,2026-09-23,T+15,2431.08,561.34,0.0,2992.42,Economy,Available,2026-09-08T08:51:44.704949,IX-1422,IX,"{'scraped_at': '2026-09-08T08:51:44.704893', 'source': 'Air India Express'}"
MakeMyTrip,ota,BLR-HYD,BLR,HYD,2026-09-23,T+15,2605.44,562.1,350.0,3517.54,Economy,Available,2026-09-08T08:51:52.969401,6E-204,6E,"{'scraped_at': '2026-09-08T08:51:52.969323', 'source': 'MakeMyTrip'}"
Yatra,ota,BLR-HYD,BLR,HYD,2026-09-23,T+15,2582.34,493.67,350.0,3426.01,Economy,Available,2026-09-08T08:51:50.553820,AI-506,AI,"{'scraped_at': '2026-09-08T08:51:50.553743', 'source': 'Yatra'}"
EaseMyTrip,ota,BLR-HYD,BLR,HYD,2026-09-23,T+15,2576.14,539.18,0.0,3115.32,Economy,Available,2026-09-08T08:51:42.199492,QP-1102,QP,"{'scraped_at': '2026-09-08T08:51:42.199460', 'source': 'EaseMyTrip'}"
Cleartrip,ota,BLR-HYD,BLR,HYD,2026-09-23,T+15,2712.84,636.29,350.0,3699.13,Economy,Available,2026-09-08T08:51:43.577189,SG-8101,SG,"{'scraped_at': '2026-09-08T08:51:43.577099', 'source': 'Cleartrip'}"
Ixigo,ota,BLR-HYD,BLR,HYD,2026-09-23,T+15,2660.49,616.02,350.0,3626.51,Economy,Available,2026-09-08T08:51:42.715009,IX-2841,IX,"{'scraped_at': '2026-09-08T08:51:42.714788', 'source': 'Ixigo'}"
Goibibo,ota,BLR-HYD,BLR,HYD,2026-09-23,T+15,2552.45,465.91,350.0,3368.36,Economy,Available,2026-09-08T08:51:52.945639,6E-6104,6E,"{'scraped_at': '2026-09-08T08:51:52.945584', 'source': 'Goibibo'}"
IndiGo,airline,BLR-HYD,BLR,HYD,2026-10-08,T+30,2122.07,431.53,0.0,2553.6,Economy,Available,2026-09-08T08:51:52.997276,6E-512,6E,"{'scraped_at': '2026-09-08T08:51:52.997196', 'source': 'IndiGo'}"
Air India,airline,BLR-HYD,BLR,HYD,2026-10-08,T+30,2515.19,473.82,0.0,2989.01,Economy,Available,2026-09-08T08:51:51.679901,AI-805,AI,"{'scraped_at': '2026-09-08T08:51:51.679846', 'source': 'Air India'}"
Akasa Air,airline,BLR-HYD,BLR,HYD,2026-10-08,T+30,2077.01,476.27,0.0,2553.28,Economy,Available,2026-09-08T08:51:43.029768,QP-1301,QP,"{'scraped_at': '2026-09-08T08:51:43.029706', 'source': 'Akasa Air'}"
SpiceJet,airline,BLR-HYD,BLR,HYD,2026-10-08,T+30,2052.65,401.47,0.0,2454.12,Economy,Available,2026-09-08T08:51:42.984566,SG-8169,SG,"{'scraped_at': '2026-09-08T08:51:42.984530', 'source': 'SpiceJet'}"
Air India Express,airline,BLR-HYD,BLR,HYD,2026-10-08,T+30,2142.09,469.48,0.0,2611.57,Economy,Available,2026-09-08T08:51:44.793464,IX-1422,IX,"{'scraped_at': '2026-09-08T08:51:44.793391', 'source': 'Air India Express'}"
MakeMyTrip,ota,BLR-HYD,BLR,HYD,2026-10-08,T+30,2302.69,423.4,350.0,3076.09,Economy,Available,2026-09-08T08:51:51.665358,6E-204,6E,"{'scraped_at': '2026-09-08T08:51:51.665293', 'source': 'MakeMyTrip'}"
Yatra,ota,BLR-HYD,BLR,HYD,2026-10-08,T+30,2257.94,502.54,350.0,3110.48,Economy,Available,2026-09-08T08:51:50.518506,AI-506,AI,"{'scraped_at': '2026-09-08T08:51:50.518437', 'source': 'Yatra'}"
EaseMyTrip,ota,BLR-HYD,BLR,HYD,2026-10-08,T+30,2282.69,455.32,0.0,2738.01,Economy,Available,2026-09-08T08:51:42.099642,QP-1102,QP,"{'scraped_at': '2026-09-08T08:51:42.099606', 'source': 'EaseMyTrip'}"
Cleartrip,ota,BLR-HYD,BLR,HYD,2026-10-08,T+30,2406.96,473.53,350.0,3230.49,Economy,Available,2026-09-08T08:51:43.082088,SG-8101,SG,"{'scraped_at': '2026-09-08T08:51:43.082020', 'source': 'Cleartrip'}"
Ixigo,ota,BLR-HYD,BLR,HYD,2026-10-08,T+30,2273.55,503.84,350.0,3127.39,Economy,Available,2026-09-08T08:51:42.713202,IX-2841,IX,"{'scraped_at': '2026-09-08T08:51:42.713014', 'source': 'Ixigo'}"
Goibibo,ota,BLR-HYD,BLR,HYD,2026-10-08,T+30,2156.81,390.64,350.0,2897.45,Economy,Available,2026-09-08T08:51:51.687787,6E-6104,6E,"{'scraped_at': '2026-09-08T08:51:51.687727', 'source': 'Goibibo'}"
IndiGo,airline,BLR-HYD,BLR,HYD,2026-10-23,T+45,2088.95,391.78,0.0,2480.73,Economy,Available,2026-09-08T08:51:51.651902,6E-512,6E,"{'scraped_at': '2026-09-08T08:51:51.651832', 'source': 'IndiGo'}"
Air India,airline,BLR-HYD,BLR,HYD,2026-10-23,T+45,2227.1,437.32,0.0,2664.42,Economy,Available,2026-09-08T08:51:51.696995,AI-805,AI,"{'scraped_at': '2026-09-08T08:51:51.696941', 'source': 'Air India'}"
Akasa Air,airline,BLR-HYD,BLR,HYD,2026-10-23,T+45,1889.53,364.17,0.0,2253.7,Economy,Available,2026-09-08T08:51:42.576799,QP-1301,QP,"{'scraped_at': '2026-09-08T08:51:42.576662', 'source': 'Akasa Air'}"
SpiceJet,airline,BLR-HYD,BLR,HYD,2026-10-23,T+45,1946.26,449.29,0.0,2395.55,Economy,Available,2026-09-08T08:51:42.818121,SG-8169,SG,"{'scraped_at': '2026-09-08T08:51:42.818081', 'source': 'SpiceJet'}"
Air India Express,airline,BLR-HYD,BLR,HYD,2026-10-23,T+45,1966.27,417.91,0.0,2384.18,Economy,Available,2026-09-08T08:51:44.736894,IX-1422,IX,"{'scraped_at': '2026-09-08T08:51:44.736829', 'source': 'Air India Express'}"
MakeMyTrip,ota,BLR-HYD,BLR,HYD,2026-10-23,T+45,2117.67,381.52,350.0,2849.19,Economy,Available,2026-09-08T08:51:51.862762,6E-204,6E,"{'scraped_at': '2026-09-08T08:51:51.862688', 'source': 'MakeMyTrip'}"
Yatra,ota,BLR-HYD,BLR,HYD,2026-10-23,T+45,2135.77,482.68,350.0,2968.45,Economy,Available,2026-09-08T08:51:50.490934,AI-506,AI,"{'scraped_at': '2026-09-08T08:51:50.490881', 'source': 'Yatra'}"
EaseMyTrip,ota,BLR-HYD,BLR,HYD,2026-10-23,T+45,2091.27,452.64,0.0,2543.91,Economy,Available,2026-09-08T08:51:42.280642,QP-1102,QP,"{'scraped_at': '2026-09-08T08:51:42.280573', 'source': 'EaseMyTrip'}"
Cleartrip,ota,BLR-HYD,BLR,HYD,2026-10-23,T+45,2169.51,447.41,350.0,2966.92,Economy,Available,2026-09-08T08:51:43.370186,SG-8101,SG,"{'scraped_at': '2026-09-08T08:51:43.370117', 'source': 'Cleartrip'}"
Ixigo,ota,BLR-HYD,BLR,HYD,2026-10-23,T+45,2147.62,413.63,350.0,2911.25,Economy,Available,2026-09-08T08:51:42.277205,IX-2841,IX,"{'scraped_at': '2026-09-08T08:51:42.277171', 'source': 'Ixigo'}"
Goibibo,ota,BLR-HYD,BLR,HYD,2026-10-23,T+45,2088.73,442.1,350.0,2880.83,Economy,Available,2026-09-08T08:51:50.749952,6E-6104,6E,"{'scraped_at': '2026-09-08T08:51:50.749898', 'source': 'Goibibo'}"
IndiGo,airline,DEL-HYD,DEL,HYD,2026-09-09,T+1,7064.19,1389.11,0.0,8453.3,Economy,Available,2026-09-08T08:51:50.725524,6E-512,6E,"{'scraped_at': '2026-09-08T08:51:50.725469', 'source': 'IndiGo'}"
Air India,airline,DEL-HYD,DEL,HYD,2026-09-09,T+1,8021.99,1496.15,0.0,9518.14,Economy,Available,2026-09-08T08:51:50.668044,AI-805,AI,"{'scraped_at': '2026-09-08T08:51:50.667978', 'source': 'Air India'}"
Akasa Air,airline,DEL-HYD,DEL,HYD,2026-09-09,T+1,6836.51,1503.39,0.0,8339.9,Economy,Available,2026-09-08T08:51:42.193231,QP-1301,QP,"{'scraped_at': '2026-09-08T08:51:42.193180', 'source': 'Akasa Air'}"
SpiceJet,airline,DEL-HYD,DEL,HYD,2026-09-09,T+1,6820.04,1406.17,0.0,8226.21,Economy,Available,2026-09-08T08:51:42.984173,SG-8169,SG,"{'scraped_at': '2026-09-08T08:51:42.984136', 'source': 'SpiceJet'}"
Air India Express,airline,DEL-HYD,DEL,HYD,2026-09-09,T+1,6156.09,1152.43,0.0,7308.52,Economy,Available,2026-09-08T08:51:44.816249,IX-1422,IX,"{'scraped_at': '2026-09-08T08:51:44.816188', 'source': 'Air India Express'}"
MakeMyTrip,ota,DEL-HYD,DEL,HYD,2026-09-09,T+1,7047.42,1352.81,350.0,8750.23,Economy,Available,2026-09-08T08:51:50.735722,6E-204,6E,"{'scraped_at': '2026-09-08T08:51:50.735668', 'source': 'MakeMyTrip'}"
Yatra,ota,DEL-HYD,DEL,HYD,2026-09-09,T+1,7220.3,1310.48,350.0,8880.78,Economy,Available,2026-09-08T08:51:51.564429,AI-506,AI,"{'scraped_at': '2026-09-08T08:51:51.564326', 'source': 'Yatra'}"
EaseMyTrip,ota,DEL-HYD,DEL,HYD,2026-09-09,T+1,7025.65,1394.9,0.0,8420.55,Economy,Available,2026-09-08T08:51:42.279844,QP-1102,QP,"{'scraped_at': '2026-09-08T08:51:42.279773', 'source': 'EaseMyTrip'}"
Cleartrip,ota,DEL-HYD,DEL,HYD,2026-09-09,T+1,7500.37,1372.92,350.0,9223.29,Economy,Available,2026-09-08T08:51:43.082335,SG-8101,SG,"{'scraped_at': '2026-09-08T08:51:43.082308', 'source': 'Cleartrip'}"
Ixigo,ota,DEL-HYD,DEL,HYD,2026-09-09,T+1,7034.39,1273.7,350.0,8658.09,Economy,Available,2026-09-08T08:51:42.372693,IX-2841,IX,"{'scraped_at': '2026-09-08T08:51:42.372628', 'source': 'Ixigo'}"
Goibibo,ota,DEL-HYD,DEL,HYD,2026-09-09,T+1,7181.56,1422.5,350.0,8954.06,Economy,Available,2026-09-08T08:51:50.576607,6E-6104,6E,"{'scraped_at': '2026-09-08T08:51:50.576523', 'source': 'Goibibo'}"
IndiGo,airline,DEL-HYD,DEL,HYD,2026-09-15,T+7,5242.99,1122.0,0.0,6364.99,Economy,Available,2026-09-08T08:51:50.740487,6E-512,6E,"{'scraped_at': '2026-09-08T08:51:50.740433', 'source': 'IndiGo'}"
Air India,airline,DEL-HYD,DEL,HYD,2026-09-15,T+7,5944.13,1402.83,0.0,7346.96,Economy,Available,2026-09-08T08:51:50.703886,AI-805,AI,"{'scraped_at': '2026-09-08T08:51:50.703808', 'source': 'Air India'}"
Akasa Air,airline,DEL-HYD,DEL,HYD,2026-09-15,T+7,5442.34,1205.21,0.0,6647.55,Economy,Available,2026-09-08T08:51:42.192841,QP-1301,QP,"{'scraped_at': '2026-09-08T08:51:42.192777', 'source': 'Akasa Air'}"
SpiceJet,airline,DEL-HYD,DEL,HYD,2026-09-15,T+7,5098.28,1077.05,0.0,6175.33,Economy,Available,2026-09-08T08:51:42.717403,SG-8169,SG,"{'scraped_at': '2026-09-08T08:51:42.717324', 'source': 'SpiceJet'}"
Air India Express,airline,DEL-HYD,DEL,HYD,2026-09-15,T+7,4882.27,882.45,0.0,5764.72,Economy,Available,2026-09-08T08:51:44.732402,IX-1422,IX,"{'scraped_at': '2026-09-08T08:51:44.732343', 'source': 'Air India Express'}"
MakeMyTrip,ota,DEL-HYD,DEL,HYD,2026-09-15,T+7,5461.7,1211.17,350.0,7022.87,Economy,Available,2026-09-08T08:51:50.684350,6E-204,6E,"{'scraped_at': '2026-09-08T08:51:50.684290', 'source': 'MakeMyTrip'}"
Yatra,ota,DEL-HYD,DEL,HYD,2026-09-15,T+7,5595.49,1089.29,350.0,7034.78,Economy,Available,2026-09-08T08:51:51.520581,AI-506,AI,"{'scraped_at': '2026-09-08T08:51:51.520503', 'source': 'Yatra'}"
EaseMyTrip,ota,DEL-HYD,DEL,HYD,2026-09-15,T+7,5255.72,1130.66,0.0,6386.38,Economy,Available,2026-09-08T08:51:42.204120,QP-1102,QP,"{'scraped_at': '2026-09-08T08:51:42.204069', 'source': 'EaseMyTrip'}"
Cleartrip,ota,DEL-HYD,DEL,HYD,2026-09-15,T+7,5702.31,1161.08,350.0,7213.39,Economy,Available,2026-09-08T08:51:42.495175,SG-8101,SG,"{'scraped_at': '2026-09-08T08:51:42.495087', 'source': 'Cleartrip'}"
Ixigo,ota,DEL-HYD,DEL,HYD,2026-09-15,T+7,5757.96,1091.48,350.0,7199.44,Economy,Available,2026-09-08T08:51:42.277776,IX-2841,IX,"{'scraped_at': '2026-09-08T08:51:42.277745', 'source': 'Ixigo'}"
Goibibo,ota,DEL-HYD,DEL,HYD,2026-09-15,T+7,5386.54,1156.0,350.0,6892.54,Economy,Available,2026-09-08T08:51:50.693403,6E-6104,6E,"{'scraped_at': '2026-09-08T08:51:50.693337', 'source': 'Goibibo'}"
IndiGo,airline,DEL-HYD,DEL,HYD,2026-09-23,T+15,4806.39,1096.65,0.0,5903.04,Economy,Available,2026-09-08T08:51:50.644154,6E-512,6E,"{'scraped_at': '2026-09-08T08:51:50.644102', 'source': 'IndiGo'}"
Air India,airline,DEL-HYD,DEL,HYD,2026-09-23,T+15,5087.92,1036.94,0.0,6124.86,Economy,Available,2026-09-08T08:51:51.615129,AI-805,AI,"{'scraped_at': '2026-09-08T08:51:51.615015', 'source': 'Air India'}"
Akasa Air,airline,DEL-HYD,DEL,HYD,2026-09-23,T+15,4647.2,853.7,0.0,5500.9,Economy,Available,2026-09-08T08:51:42.351763,QP-1301,QP,"{'scraped_at': '2026-09-08T08:51:42.351733', 'source': 'Akasa Air'}"
SpiceJet,airline,DEL-HYD,DEL,HYD,2026-09-23,T+15,4701.0,874.07,0.0,5575.07,Economy,Available,2026-09-08T08:51:42.983893,SG-8169,SG,"{'scraped_at': '2026-09-08T08:51:42.983830', 'source': 'SpiceJet'}"
Air India Express,airline,DEL-HYD,DEL,HYD,2026-09-23,T+15,4497.85,868.58,0.0,5366.43,Economy,Available,2026-09-08T08:51:44.786004,IX-1422,IX,"{'scraped_at': '2026-09-08T08:51:44.785936', 'source': 'Air India Express'}"
MakeMyTrip,ota,DEL-HYD,DEL,HYD,2026-09-23,T+15,4956.05,998.05,350.0,6304.1,Economy,Available,2026-09-08T08:51:51.604698,6E-204,6E,"{'scraped_at': '2026-09-08T08:51:51.604625', 'source': 'MakeMyTrip'}"
Yatra,ota,DEL-HYD,DEL,HYD,2026-09-23,T+15,4740.75,879.94,350.0,5970.69,Economy,Available,2026-09-08T08:51:51.545028,AI-506,AI,"{'scraped_at': '2026-09-08T08:51:51.544950', 'source': 'Yatra'}"
EaseMyTrip,ota,DEL-HYD,DEL,HYD,2026-09-23,T+15,4640.01,1035.76,0.0,5675.77,Economy,Available,2026-09-08T08:51:42.281016,QP-1102,QP,"{'scraped_at': '2026-09-08T08:51:42.280964', 'source': 'EaseMyTrip'}"
Cleartrip,ota,DEL-HYD,DEL,HYD,2026-09-23,T+15,4856.71,1099.88,350.0,6306.59,Economy,Available,2026-09-08T08:51:42.449834,SG-8101,SG,"{'scraped_at': '2026-09-08T08:51:42.449785', 'source': 'Cleartrip'}"
Ixigo,ota,DEL-HYD,DEL,HYD,2026-09-23,T+15,4572.08,868.49,350.0,5790.57,Economy,Available,2026-09-08T08:51:42.277424,IX-2841,IX,"{'scraped_at': '2026-09-08T08:51:42.277393', 'source': 'Ixigo'}"
Goibibo,ota,DEL-HYD,DEL,HYD,2026-09-23,T+15,4951.89,1171.21,350.0,6473.1,Economy,Available,2026-09-08T08:51:50.713102,6E-6104,6E,"{'scraped_at': '2026-09-08T08:51:50.713020', 'source': 'Goibibo'}"
IndiGo,airline,DEL-HYD,DEL,HYD,2026-10-08,T+30,4287.28,946.41,0.0,5233.69,Economy,Available,2026-09-08T08:51:50.614325,6E-512,6E,"{'scraped_at': '2026-09-08T08:51:50.614271', 'source': 'IndiGo'}"
Air India,airline,DEL-HYD,DEL,HYD,2026-10-08,T+30,4530.51,895.42,0.0,5425.93,Economy,Available,2026-09-08T08:51:50.595156,AI-805,AI,"{'scraped_at': '2026-09-08T08:51:50.595098', 'source': 'Air India'}"
Akasa Air,airline,DEL-HYD,DEL,HYD,2026-10-08,T+30,4045.88,874.12,0.0,4920.0,Economy,Available,2026-09-08T08:51:42.351291,QP-1301,QP,"{'scraped_at': '2026-09-08T08:51:42.351225', 'source': 'Akasa Air'}"
SpiceJet,airline,DEL-HYD,DEL,HYD,2026-10-08,T+30,4004.6,810.52,0.0,4815.12,Economy,Available,2026-09-08T08:51:42.984366,SG-8169,SG,"{'scraped_at': '2026-09-08T08:51:42.984337', 'source': 'SpiceJet'}"
Air India Express,airline,DEL-HYD,DEL,HYD,2026-10-08,T+30,3827.7,897.85,0.0,4725.55,Economy,Available,2026-09-08T08:51:44.391187,IX-1422,IX,"{'scraped_at': '2026-09-08T08:51:44.391119', 'source': 'Air India Express'}"
MakeMyTrip,ota,DEL-HYD,DEL,HYD,2026-10-08,T+30,4207.16,866.93,350.0,5424.09,Economy,Available,2026-09-08T08:51:50.623791,6E-204,6E,"{'scraped_at': '2026-09-08T08:51:50.623739', 'source': 'MakeMyTrip'}"
Yatra,ota,DEL-HYD,DEL,HYD,2026-10-08,T+30,4173.34,969.98,350.0,5493.32,Economy,Available,2026-09-08T08:51:51.595905,AI-506,AI,"{'scraped_at': '2026-09-08T08:51:51.595838', 'source': 'Yatra'}"
EaseMyTrip,ota,DEL-HYD,DEL,HYD,2026-10-08,T+30,3999.11,776.7,0.0,4775.81,Economy,Available,2026-09-08T08:51:42.280214,QP-1102,QP,"{'scraped_at': '2026-09-08T08:51:42.280155', 'source': 'EaseMyTrip'}"
Cleartrip,ota,DEL-HYD,DEL,HYD,2026-10-08,T+30,4158.12,791.52,350.0,5299.64,Economy,Available,2026-09-08T08:51:42.818574,SG-8101,SG,"{'scraped_at': '2026-09-08T08:51:42.818540', 'source': 'Cleartrip'}"
Ixigo,ota,DEL-HYD,DEL,HYD,2026-10-08,T+30,4013.91,828.01,350.0,5191.92,Economy,Available,2026-09-08T08:51:42.276977,IX-2841,IX,"{'scraped_at': '2026-09-08T08:51:42.276940', 'source': 'Ixigo'}"
Goibibo,ota,DEL-HYD,DEL,HYD,2026-10-08,T+30,4443.69,884.18,350.0,5677.87,Economy,Available,2026-09-08T08:51:50.755861,6E-6104,6E,"{'scraped_at': '2026-09-08T08:51:50.755807', 'source': 'Goibibo'}"
IndiGo,airline,DEL-HYD,DEL,HYD,2026-10-23,T+45,3802.44,764.85,0.0,4567.29,Economy,Available,2026-09-08T08:51:50.629834,6E-512,6E,"{'scraped_at': '2026-09-08T08:51:50.629759', 'source': 'IndiGo'}"
Air India,airline,DEL-HYD,DEL,HYD,2026-10-23,T+45,4356.7,907.74,0.0,5264.44,Economy,Available,2026-09-08T08:51:51.628819,AI-805,AI,"{'scraped_at': '2026-09-08T08:51:51.628748', 'source': 'Air India'}"
Akasa Air,airline,DEL-HYD,DEL,HYD,2026-10-23,T+45,3628.36,748.8,0.0,4377.16,Economy,Available,2026-09-08T08:51:42.351558,QP-1301,QP,"{'scraped_at': '2026-09-08T08:51:42.351522', 'source': 'Akasa Air'}"
SpiceJet,airline,DEL-HYD,DEL,HYD,2026-10-23,T+45,3809.46,805.92,0.0,4615.38,Economy,Available,2026-09-08T08:51:42.716500,SG-8169,SG,"{'scraped_at': '2026-09-08T08:51:42.715722', 'source': 'SpiceJet'}"
Air India Express,airline,DEL-HYD,DEL,HYD,2026-10-23,T+45,3691.37,771.94,0.0,4463.31,Economy,Available,2026-09-08T08:51:44.761652,IX-1422,IX,"{'scraped_at': '2026-09-08T08:51:44.761586', 'source': 'Air India Express'}"
MakeMyTrip,ota,DEL-HYD,DEL,HYD,2026-10-23,T+45,3854.44,891.96,350.0,5096.4,Economy,Available,2026-09-08T08:51:51.502431,6E-204,6E,"{'scraped_at': '2026-09-08T08:51:51.502373', 'source': 'MakeMyTrip'}"
Yatra,ota,DEL-HYD,DEL,HYD,2026-10-23,T+45,3831.61,854.02,350.0,5035.63,Economy,Available,2026-09-08T08:51:51.585057,AI-506,AI,"{'scraped_at': '2026-09-08T08:51:51.584980', 'source': 'Yatra'}"
EaseMyTrip,ota,DEL-HYD,DEL,HYD,2026-10-23,T+45,3890.81,921.72,0.0,4812.53,Economy,Available,2026-09-08T08:51:42.203655,QP-1102,QP,"{'scraped_at': '2026-09-08T08:51:42.203583', 'source': 'EaseMyTrip'}"
Cleartrip,ota,DEL-HYD,DEL,HYD,2026-10-23,T+45,3971.92,726.29,350.0,5048.21,Economy,Available,2026-09-08T08:51:42.818789,SG-8101,SG,"{'scraped_at': '2026-09-08T08:51:42.818754', 'source': 'Cleartrip'}"
Ixigo,ota,DEL-HYD,DEL,HYD,2026-10-23,T+45,3852.36,822.61,350.0,5024.97,Economy,Available,2026-09-08T08:51:42.277612,IX-2841,IX,"{'scraped_at': '2026-09-08T08:51:42.277588', 'source': 'Ixigo'}"
Goibibo,ota,DEL-HYD,DEL,HYD,2026-10-23,T+45,3963.63,827.29,350.0,5140.92,Economy,Available,2026-09-08T08:51:50.608671,6E-6104,6E,"{'scraped_at': '2026-09-08T08:51:50.608619', 'source': 'Goibibo'}"
